Water Type,Year,Month,Location,Latitude,Longitude,"Carbon, Organic, Dissolved as C :- {DOC}",pH,Nitrate as N,"Oxygen, Dissolved as O2"
GROUNDWATER,2004,03,1/22/05/68 DOE HILL,55.221357954991404,-1.8080433751688922,0.0,7.7,4.29,8.67
GROUNDWATER,2007,10,HURY FARM,54.579331947344905,-2.0607675176590723,1.81,nan,4.0,0.0
GROUNDWATER,2009,01,HURY FARM,54.579331947344905,-2.0607675176590723,1.97,nan,5.15,11.9
GROUNDWATER,2009,02,HURY FARM,54.579331947344905,-2.0607675176590723,1.13,nan,4.95,8.24
GROUNDWATER,2009,11,HURY FARM,54.579331947344905,-2.0607675176590723,3.52,nan,5.55,11.9
GROUNDWATER,2009,12,HURY FARM,54.579331947344905,-2.0607675176590723,1.38,7.2,5.42,10.4
GROUNDWATER,2010,02,HURY FARM,54.579331947344905,-2.0607675176590723,1.02,nan,5.55,11.7
GROUNDWATER,2010,05,HURY FARM,54.579331947344905,-2.0607675176590723,0.59,nan,5.22,12.3
GROUNDWATER,2010,07,"PINCHINTHORPE, LOW FARM SPRING",54.52787120182508,-1.1200338764188051,1.24,7.22,1.06,10.4
GROUNDWATER,2010,08,HURY FARM,54.579331947344905,-2.0607675176590723,0.62,nan,5.43,11.0
GROUNDWATER,2010,11,HURY FARM,54.579331947344905,-2.0607675176590723,1.86,nan,5.64,1.16
GROUNDWATER,2011,01,HURY FARM,54.579331947344905,-2.0607675176590723,1.31,nan,4.76,11.3
GROUNDWATER,2011,02,"PINCHINTHORPE, LOW FARM SPRING",54.52787120182508,-1.1200338764188051,1.64,7.3,1.18,8.18
GROUNDWATER,2011,05,HURY FARM,54.579331947344905,-2.0607675176590723,0.0,nan,0.0,0.0
GROUNDWATER,2011,07,"PINCHINTHORPE, LOW FARM SPRING",54.52787120182508,-1.1200338764188051,0.72,7.42,1.02,5.14
GROUNDWATER,2011,08,HURY FARM,54.579331947344905,-2.0607675176590723,15.6,nan,7.32,10.7
GROUNDWATER,2011,11,HURY FARM,54.579331947344905,-2.0607675176590723,1.3,nan,5.56,9.08
GROUNDWATER,2012,02,"PINCHINTHORPE, LOW FARM SPRING",54.52787120182508,-1.1200338764188051,0.82,nan,0.246,1.21
GROUNDWATER,2012,05,HURY FARM,54.579331947344905,-2.0607675176590723,0.73,nan,5.88,11.4
GROUNDWATER,2012,07,"PINCHINTHORPE, LOW FARM SPRING",54.52787120182508,-1.1200338764188051,1.34,nan,1.02,1.77
GROUNDWATER,2012,10,HURY FARM,54.579331947344905,-2.0607675176590723,1.58,nan,5.64,10.7
GROUNDWATER,2013,03,"PINCHINTHORPE, LOW FARM SPRING",54.52787120182508,-1.1200338764188051,0.96,nan,1.59,5.63
GROUNDWATER,2013,06,HURY FARM,54.579331947344905,-2.0607675176590723,0.83,nan,4.62,12.9
GROUNDWATER,2013,07,"PINCHINTHORPE, LOW FARM SPRING",54.52787120182508,-1.1200338764188051,2.93,nan,0.196,7.68
GROUNDWATER,2013,10,HURY FARM,54.579331947344905,-2.0607675176590723,7.21,nan,6.61,9.51
GROUNDWATER,2014,01,BLAXTER COTTAGES SPRING SUPPLY FROM TAP,55.20999732573828,-2.1048488681147792,0.0,nan,0.0,0.0
GROUNDWATER,2014,01,SPRING EAST OF BLAXTER QUARRY,55.20664765860221,-2.1024359406509543,0.0,nan,0.0,0.0
GROUNDWATER,2014,02,BLAXTER COTTAGES SPRING SUPPLY FROM TAP,55.20999732573828,-2.1048488681147792,0.0,nan,0.0,0.0
GROUNDWATER,2014,02,SPRING EAST OF BLAXTER QUARRY,55.20664765860221,-2.1024359406509543,0.0,nan,0.0,0.0
GROUNDWATER,2014,03,BLAXTER COTTAGES SPRING SUPPLY FROM TAP,55.20999732573828,-2.1048488681147792,0.0,nan,0.0,0.0
GROUNDWATER,2014,03,"PINCHINTHORPE, LOW FARM SPRING",54.52787120182508,-1.1200338764188051,0.76,nan,0.246,8.77
GROUNDWATER,2014,03,SPRING EAST OF BLAXTER QUARRY,55.20664765860221,-2.1024359406509543,0.0,nan,0.0,0.0
GROUNDWATER,2014,04,BLAXTER COTTAGES SPRING SUPPLY FROM TAP,55.20999732573828,-2.1048488681147792,0.0,nan,0.0,0.0
GROUNDWATER,2014,04,SPRING EAST OF BLAXTER QUARRY,55.20664765860221,-2.1024359406509543,0.0,nan,0.0,0.0
GROUNDWATER,2014,05,HURY FARM,54.579331947344905,-2.0607675176590723,1.62,nan,4.92,10.6
GROUNDWATER,2014,07,"PINCHINTHORPE, LOW FARM SPRING",54.52787120182508,-1.1200338764188051,2.44,nan,0.196,6.43
GROUNDWATER,2014,10,HURY FARM,54.579331947344905,-2.0607675176590723,3.38,nan,4.1,10.1
GROUNDWATER,2015,04,"PINCHINTHORPE, LOW FARM SPRING",54.52787120182508,-1.1200338764188051,1.05,nan,0.856,5.72
GROUNDWATER,2015,06,HURY FARM,54.579331947344905,-2.0607675176590723,0.9,nan,6.54,11.9
GROUNDWATER,2015,09,"PINCHINTHORPE, LOW FARM SPRING",54.52787120182508,-1.1200338764188051,2.36,nan,1.42,4.95
GROUNDWATER,2015,10,HURY FARM,54.579331947344905,-2.0607675176590723,1.1,nan,4.67,9.56
GROUNDWATER,2016,03,"PINCHINTHORPE, LOW FARM SPRING",54.52787120182508,-1.1200338764188051,2.22,nan,1.6,5.46
GROUNDWATER,2016,05,HURY FARM,54.579331947344905,-2.0607675176590723,0.79,nan,5.78,12.5
GROUNDWATER,2016,09,"PINCHINTHORPE, LOW FARM SPRING",54.52787120182508,-1.1200338764188051,0.81,nan,1.05,2.34
GROUNDWATER,2016,10,HURY FARM,54.579331947344905,-2.0607675176590723,2.65,nan,4.85,10.5
GROUNDWATER,2016,11,SPRING  - SMEAFIELD,55.63539399089599,-1.8541403763784303,0.0,nan,0.526,0.0
GROUNDWATER,2017,01,SPRING  - SMEAFIELD,55.63539399089599,-1.8541403763784303,0.0,nan,0.196,0.0
GROUNDWATER,2017,01,SPRING - BUCKTON FARM,55.63563037787975,-1.8915788606768427,0.0,nan,0.566,0.0
GROUNDWATER,2017,02,SPRING  - SMEAFIELD,55.63539399089599,-1.8541403763784303,0.0,nan,0.206,0.0
GROUNDWATER,2017,02,SPRING - BUCKTON FARM,55.63563037787975,-1.8915788606768427,0.0,nan,0.566,0.0
GROUNDWATER,2017,03,"PINCHINTHORPE, LOW FARM SPRING",54.52787120182508,-1.1200338764188051,0.85,nan,0.976,1.8
GROUNDWATER,2017,04,SPRING  - SMEAFIELD,55.63539399089599,-1.8541403763784303,0.0,nan,0.196,0.0
GROUNDWATER,2017,04,SPRING - BUCKTON FARM,55.63563037787975,-1.8915788606768427,0.0,nan,0.536,0.0
GROUNDWATER,2017,05,HURY FARM,54.579331947344905,-2.0607675176590723,0.91,nan,5.99,10.8
GROUNDWATER,2017,05,SPRING  - SMEAFIELD,55.63539399089599,-1.8541403763784303,0.0,nan,0.196,0.0
GROUNDWATER,2017,05,SPRING - BUCKTON FARM,55.63563037787975,-1.8915788606768427,0.0,nan,0.486,0.0
GROUNDWATER,2017,06,SPRING  - SMEAFIELD,55.63539399089599,-1.8541403763784303,0.0,nan,0.196,0.0
GROUNDWATER,2017,06,SPRING - BUCKTON FARM,55.63563037787975,-1.8915788606768427,0.0,nan,0.546,0.0
GROUNDWATER,2017,07,SPRING  - SMEAFIELD,55.63539399089599,-1.8541403763784303,0.0,nan,0.196,0.0
GROUNDWATER,2017,07,SPRING - BUCKTON FARM,55.63563037787975,-1.8915788606768427,0.0,nan,0.516,0.0
GROUNDWATER,2017,08,SPRING  - SMEAFIELD,55.63539399089599,-1.8541403763784303,0.0,nan,0.196,0.0
GROUNDWATER,2017,08,SPRING - BUCKTON FARM,55.63563037787975,-1.8915788606768427,0.0,nan,0.516,0.0
GROUNDWATER,2017,09,"PINCHINTHORPE, LOW FARM SPRING",54.52787120182508,-1.1200338764188051,0.0,nan,0.966,2.37
GROUNDWATER,2017,09,SPRING  - SMEAFIELD,55.63539399089599,-1.8541403763784303,0.0,nan,0.196,0.0
GROUNDWATER,2017,09,SPRING - BUCKTON FARM,55.63563037787975,-1.8915788606768427,0.0,nan,0.486,0.0
GROUNDWATER,2017,10,HURY FARM,54.579331947344905,-2.0607675176590723,0.0,nan,8.34,10.3
GROUNDWATER,2017,10,SPRING  - SMEAFIELD,55.63539399089599,-1.8541403763784303,0.0,nan,0.196,0.0
GROUNDWATER,2017,10,SPRING - BUCKTON FARM,55.63563037787975,-1.8915788606768427,0.0,nan,0.516,0.0
GROUNDWATER,2018,03,HURY FARM,54.579331947344905,-2.0607675176590723,2.36,nan,8.79,11.8
GROUNDWATER,2018,03,"PINCHINTHORPE, LOW FARM SPRING",54.52787120182508,-1.1200338764188051,0.88,nan,0.826,2.11
GROUNDWATER,2018,09,"PINCHINTHORPE, LOW FARM SPRING",54.52787120182508,-1.1200338764188051,0.0,nan,1.17,3.12
GROUNDWATER,2018,10,HURY FARM,54.579331947344905,-2.0607675176590723,0.0,nan,6.0,11.1
GROUNDWATER,2019,03,HURY FARM,54.579331947344905,-2.0607675176590723,1.1,nan,10.4,11.7
GROUNDWATER,2019,03,"PINCHINTHORPE, LOW FARM SPRING",54.52787120182508,-1.1200338764188051,0.92,nan,0.496,2.02
GROUNDWATER,2019,11,HURY FARM,54.579331947344905,-2.0607675176590723,2.8,nan,10.0,10.9
GROUNDWATER,2020,03,HURY FARM,54.579331947344905,-2.0607675176590723,0.0,6.5,8.39,11.9
POND / LAKE / RESERVOIR WATER,2002,04,"HELL KETTLES, SOUTH POND",54.49220833025132,-1.5667170997320712,0.0,nan,0.0,0.0
POND / LAKE / RESERVOIR WATER,2002,05,"HELL KETTLES, SOUTH POND",54.49220833025132,-1.5667170997320712,0.0,7.8,0.0,0.0
POND / LAKE / RESERVOIR WATER,2002,06,"HELL KETTLES, SOUTH POND",54.49220833025132,-1.5667170997320712,0.0,7.8,0.0,0.0
POND / LAKE / RESERVOIR WATER,2002,07,"HELL KETTLES, SOUTH POND",54.49220833025132,-1.5667170997320712,0.0,nan,0.0,0.0
POND / LAKE / RESERVOIR WATER,2002,09,"HELL KETTLES, SOUTH POND",54.49220833025132,-1.5667170997320712,0.0,nan,0.0,0.0
POND / LAKE / RESERVOIR WATER,2004,07,GRASSHOLME RES - OUTFLOW NORTH (WFD),54.601155023630334,-2.0851796714273942,0.0,7.8,0.0,9.57
POND / LAKE / RESERVOIR WATER,2004,08,GRASSHOLME RES - OUTFLOW NORTH (WFD),54.601155023630334,-2.0851796714273942,0.0,7.8,0.0,9.01
POND / LAKE / RESERVOIR WATER,2004,09,GRASSHOLME RES - OUTFLOW NORTH (WFD),54.601155023630334,-2.0851796714273942,0.0,7.2,0.0,8.9
POND / LAKE / RESERVOIR WATER,2004,10,GRASSHOLME RES - OUTFLOW NORTH (WFD),54.601155023630334,-2.0851796714273942,0.0,7.6,0.0,10.4
POND / LAKE / RESERVOIR WATER,2004,11,GRASSHOLME RES - OUTFLOW NORTH (WFD),54.601155023630334,-2.0851796714273942,0.0,7.15,0.0,10.850000000000001
POND / LAKE / RESERVOIR WATER,2005,01,GRASSHOLME RES - OUTFLOW NORTH (WFD),54.601155023630334,-2.0851796714273942,9.73,6.95,0.0,13.2
POND / LAKE / RESERVOIR WATER,2005,03,GRASSHOLME RES - OUTFLOW NORTH (WFD),54.601155023630334,-2.0851796714273942,0.0,7.5,0.0,11.6
POND / LAKE / RESERVOIR WATER,2005,04,GRASSHOLME RES - OUTFLOW NORTH (WFD),54.601155023630334,-2.0851796714273942,0.0,7.5,0.0,12.05
POND / LAKE / RESERVOIR WATER,2005,06,GRASSHOLME RES - OUTFLOW NORTH (WFD),54.601155023630334,-2.0851796714273942,0.0,7.65,0.0,9.585
POND / LAKE / RESERVOIR WATER,2005,08,GRASSHOLME RES - OUTFLOW NORTH (WFD),54.601155023630334,-2.0851796714273942,0.0,7.9,0.0,9.05
POND / LAKE / RESERVOIR WATER,2005,09,GRASSHOLME RES - OUTFLOW NORTH (WFD),54.601155023630334,-2.0851796714273942,0.0,nan,0.0,9.96
POND / LAKE / RESERVOIR WATER,2006,11,BROOMLEE LOUGH AT OVERFLOW,55.02129032519466,-2.3343644831423953,15.0,7.65,0.196,11.8
POND / LAKE / RESERVOIR WATER,2006,12,BROOMLEE LOUGH AT OVERFLOW,55.02129032519466,-2.3343644831423953,19.8,7.7,0.196,11.3
POND / LAKE / RESERVOIR WATER,2007,07,"HELL KETTLES, SOUTH POND",54.49220833025132,-1.5667170997320712,0.0,7.7,0.196,0.0
POND / LAKE / RESERVOIR WATER,2012,07,BROOMLEE LOUGH AT OVERFLOW,55.02129032519466,-2.3343644831423953,13.2,nan,0.0,0.0
POND / LAKE / RESERVOIR WATER,2012,08,BROOMLEE LOUGH AT OVERFLOW,55.02129032519466,-2.3343644831423953,0.0,nan,0.0,0.0
POND / LAKE / RESERVOIR WATER,2012,08,GREENLEE LOUGH FIXED,55.018592968198355,-2.3660903149689867,0.0,nan,0.0,0.0
POND / LAKE / RESERVOIR WATER,2012,09,BROOMLEE LOUGH AT OVERFLOW,55.02129032519466,-2.3343644831423953,0.0,nan,0.0,0.0
POND / LAKE / RESERVOIR WATER,2013,12,GREENLEE LOUGH FIXED,55.018592968198355,-2.3660903149689867,12.4,7.0,0.0,0.0
POND / LAKE / RESERVOIR WATER,2014,01,GREENLEE LOUGH FIXED,55.018592968198355,-2.3660903149689867,9.49,7.1,0.0,0.0
POND / LAKE / RESERVOIR WATER,2014,02,GREENLEE LOUGH FIXED,55.018592968198355,-2.3660903149689867,9.78,7.4,0.0,0.0
POND / LAKE / RESERVOIR WATER,2014,03,GREENLEE LOUGH FIXED,55.018592968198355,-2.3660903149689867,8.19,7.7,0.0,0.0
POND / LAKE / RESERVOIR WATER,2014,05,GREENLEE LOUGH FIXED,55.018592968198355,-2.3660903149689867,15.25,8.05,0.0,0.0
POND / LAKE / RESERVOIR WATER,2014,06,GREENLEE LOUGH FIXED,55.018592968198355,-2.3660903149689867,12.3,8.0,0.0,0.0
POND / LAKE / RESERVOIR WATER,2014,07,GREENLEE LOUGH FIXED,55.018592968198355,-2.3660903149689867,14.6,9.2,0.0,0.0
POND / LAKE / RESERVOIR WATER,2014,08,BROOMLEE LOUGH AT OVERFLOW,55.02129032519466,-2.3343644831423953,9.18,8.6,0.0,0.0
POND / LAKE / RESERVOIR WATER,2014,08,GREENLEE LOUGH FIXED,55.018592968198355,-2.3660903149689867,12.1,8.8,0.0,0.0
POND / LAKE / RESERVOIR WATER,2014,09,BROOMLEE LOUGH AT OVERFLOW,55.02129032519466,-2.3343644831423953,9.65,7.65,0.0,0.0
POND / LAKE / RESERVOIR WATER,2014,09,GREENLEE LOUGH FIXED,55.018592968198355,-2.3660903149689867,18.2,8.13,0.0,0.0
POND / LAKE / RESERVOIR WATER,2014,10,BROOMLEE LOUGH AT OVERFLOW,55.02129032519466,-2.3343644831423953,9.24,8.1,0.0,0.0
POND / LAKE / RESERVOIR WATER,2014,10,GREENLEE LOUGH FIXED,55.018592968198355,-2.3660903149689867,13.6,8.1,0.0,0.0
POND / LAKE / RESERVOIR WATER,2014,11,BROOMLEE LOUGH AT OVERFLOW,55.02129032519466,-2.3343644831423953,14.4,7.75,0.0,0.0
POND / LAKE / RESERVOIR WATER,2014,11,GREENLEE LOUGH FIXED,55.018592968198355,-2.3660903149689867,16.7,8.13,0.0,0.0
POND / LAKE / RESERVOIR WATER,2014,12,BROOMLEE LOUGH AT OVERFLOW,55.02129032519466,-2.3343644831423953,10.2,7.94,0.0,0.0
POND / LAKE / RESERVOIR WATER,2014,12,GREENLEE LOUGH FIXED,55.018592968198355,-2.3660903149689867,15.8,7.92,0.0,0.0
POND / LAKE / RESERVOIR WATER,2015,01,BROOMLEE LOUGH AT OVERFLOW,55.02129032519466,-2.3343644831423953,0.0,nan,0.0,0.0
POND / LAKE / RESERVOIR WATER,2015,01,GREENLEE LOUGH FIXED,55.018592968198355,-2.3660903149689867,11.8,7.44,0.0,0.0
POND / LAKE / RESERVOIR WATER,2015,01,"HELL KETTLES, SOUTH POND",54.49220833025132,-1.5667170997320712,0.0,nan,0.0,0.0
POND / LAKE / RESERVOIR WATER,2015,02,BROOMLEE LOUGH AT OVERFLOW,55.02129032519466,-2.3343644831423953,8.25,7.6,0.0,0.0
POND / LAKE / RESERVOIR WATER,2015,02,GREENLEE LOUGH FIXED,55.018592968198355,-2.3660903149689867,8.9,7.5,0.0,0.0
POND / LAKE / RESERVOIR WATER,2015,02,"HELL KETTLES, SOUTH POND",54.49220833025132,-1.5667170997320712,0.0,nan,0.0,0.0
POND / LAKE / RESERVOIR WATER,2015,03,BROOMLEE LOUGH AT OVERFLOW,55.02129032519466,-2.3343644831423953,8.76,8.15,0.0,0.0
POND / LAKE / RESERVOIR WATER,2015,03,GREENLEE LOUGH FIXED,55.018592968198355,-2.3660903149689867,9.63,8.01,0.0,0.0
POND / LAKE / RESERVOIR WATER,2015,03,"HELL KETTLES, SOUTH POND",54.49220833025132,-1.5667170997320712,0.0,nan,0.0,0.0
POND / LAKE / RESERVOIR WATER,2015,04,BROOMLEE LOUGH AT OVERFLOW,55.02129032519466,-2.3343644831423953,9.12,7.43,0.0,0.0
POND / LAKE / RESERVOIR WATER,2015,04,GREENLEE LOUGH FIXED,55.018592968198355,-2.3660903149689867,9.99,7.13,0.0,0.0
POND / LAKE / RESERVOIR WATER,2015,04,"HELL KETTLES, SOUTH POND",54.49220833025132,-1.5667170997320712,0.0,nan,0.0,0.0
POND / LAKE / RESERVOIR WATER,2015,05,BROOMLEE LOUGH AT OVERFLOW,55.02129032519466,-2.3343644831423953,10.9,8.09,0.0,0.0
POND / LAKE / RESERVOIR WATER,2015,05,GRASSHOLME RES - OUTFLOW NORTH (WFD),54.601155023630334,-2.0851796714273942,0.0,nan,0.0,0.0
POND / LAKE / RESERVOIR WATER,2015,05,GREENLEE LOUGH FIXED,55.018592968198355,-2.3660903149689867,13.1,8.54,0.0,0.0
POND / LAKE / RESERVOIR WATER,2015,05,"HELL KETTLES, SOUTH POND",54.49220833025132,-1.5667170997320712,0.0,nan,0.0,0.0
POND / LAKE / RESERVOIR WATER,2015,06,BROOMLEE LOUGH AT OVERFLOW,55.02129032519466,-2.3343644831423953,11.0,8.59,0.0,0.0
POND / LAKE / RESERVOIR WATER,2015,06,GRASSHOLME RES - OUTFLOW NORTH (WFD),54.601155023630334,-2.0851796714273942,0.0,nan,0.0,0.0
POND / LAKE / RESERVOIR WATER,2015,06,GREENLEE LOUGH FIXED,55.018592968198355,-2.3660903149689867,14.2,8.24,0.0,0.0
POND / LAKE / RESERVOIR WATER,2015,06,"HELL KETTLES, SOUTH POND",54.49220833025132,-1.5667170997320712,0.0,nan,0.0,0.0
POND / LAKE / RESERVOIR WATER,2015,07,BROOMLEE LOUGH AT OVERFLOW,55.02129032519466,-2.3343644831423953,8.43,8.75,0.0,0.0
POND / LAKE / RESERVOIR WATER,2015,07,GRASSHOLME RES - OUTFLOW NORTH (WFD),54.601155023630334,-2.0851796714273942,0.0,nan,0.0,0.0
POND / LAKE / RESERVOIR WATER,2015,07,GREENLEE LOUGH FIXED,55.018592968198355,-2.3660903149689867,14.3,8.69,0.0,0.0
POND / LAKE / RESERVOIR WATER,2015,07,"HELL KETTLES, SOUTH POND",54.49220833025132,-1.5667170997320712,0.0,nan,0.0,0.0
POND / LAKE / RESERVOIR WATER,2015,08,BROOMLEE LOUGH AT OVERFLOW,55.02129032519466,-2.3343644831423953,10.7,7.96,0.0,0.0
POND / LAKE / RESERVOIR WATER,2015,08,GRASSHOLME RES - OUTFLOW NORTH (WFD),54.601155023630334,-2.0851796714273942,0.0,nan,0.0,0.0
POND / LAKE / RESERVOIR WATER,2015,08,GREENLEE LOUGH FIXED,55.018592968198355,-2.3660903149689867,22.0,7.67,0.0,0.0
POND / LAKE / RESERVOIR WATER,2015,08,"HELL KETTLES, SOUTH POND",54.49220833025132,-1.5667170997320712,0.0,nan,0.0,0.0
POND / LAKE / RESERVOIR WATER,2015,09,BROOMLEE LOUGH AT OVERFLOW,55.02129032519466,-2.3343644831423953,9.32,8.06,0.0,0.0
POND / LAKE / RESERVOIR WATER,2015,09,GRASSHOLME RES - OUTFLOW NORTH (WFD),54.601155023630334,-2.0851796714273942,0.0,nan,0.0,0.0
POND / LAKE / RESERVOIR WATER,2015,09,GREENLEE LOUGH FIXED,55.018592968198355,-2.3660903149689867,19.9,7.31,0.0,0.0
POND / LAKE / RESERVOIR WATER,2015,09,"HELL KETTLES, SOUTH POND",54.49220833025132,-1.5667170997320712,0.0,nan,0.0,0.0
POND / LAKE / RESERVOIR WATER,2015,10,BROOMLEE LOUGH AT OVERFLOW,55.02129032519466,-2.3343644831423953,8.65,8.69,0.0,0.0
POND / LAKE / RESERVOIR WATER,2015,10,GRASSHOLME RES - OUTFLOW NORTH (WFD),54.601155023630334,-2.0851796714273942,0.0,nan,0.0,0.0
POND / LAKE / RESERVOIR WATER,2015,10,GREENLEE LOUGH FIXED,55.018592968198355,-2.3660903149689867,13.5,8.53,0.0,0.0
POND / LAKE / RESERVOIR WATER,2015,10,"HELL KETTLES, SOUTH POND",54.49220833025132,-1.5667170997320712,0.0,nan,0.0,0.0
POND / LAKE / RESERVOIR WATER,2015,11,BROOMLEE LOUGH AT OVERFLOW,55.02129032519466,-2.3343644831423953,11.2,7.06,0.0,0.0
POND / LAKE / RESERVOIR WATER,2015,11,GRASSHOLME RES - OUTFLOW NORTH (WFD),54.601155023630334,-2.0851796714273942,0.0,nan,0.0,0.0
POND / LAKE / RESERVOIR WATER,2015,11,GREENLEE LOUGH FIXED,55.018592968198355,-2.3660903149689867,22.4,6.93,0.0,0.0
POND / LAKE / RESERVOIR WATER,2015,11,"HELL KETTLES, SOUTH POND",54.49220833025132,-1.5667170997320712,0.0,nan,0.0,0.0
POND / LAKE / RESERVOIR WATER,2015,12,BROOMLEE LOUGH AT OVERFLOW,55.02129032519466,-2.3343644831423953,10.6,7.65,0.0,0.0
POND / LAKE / RESERVOIR WATER,2015,12,GRASSHOLME RES - OUTFLOW NORTH (WFD),54.601155023630334,-2.0851796714273942,0.0,nan,0.0,0.0
POND / LAKE / RESERVOIR WATER,2015,12,GREENLEE LOUGH FIXED,55.018592968198355,-2.3660903149689867,14.4,7.33,0.0,0.0
POND / LAKE / RESERVOIR WATER,2015,12,"HELL KETTLES, SOUTH POND",54.49220833025132,-1.5667170997320712,0.0,nan,0.0,0.0
POND / LAKE / RESERVOIR WATER,2016,01,BROOMLEE LOUGH AT OVERFLOW,55.02129032519466,-2.3343644831423953,10.6,7.9,0.0,0.0
POND / LAKE / RESERVOIR WATER,2016,01,GRASSHOLME RES - OUTFLOW NORTH (WFD),54.601155023630334,-2.0851796714273942,0.0,nan,0.0,0.0
POND / LAKE / RESERVOIR WATER,2016,01,GREENLEE LOUGH FIXED,55.018592968198355,-2.3660903149689867,14.4,7.73,0.0,0.0
POND / LAKE / RESERVOIR WATER,2016,01,"HELL KETTLES, SOUTH POND",54.49220833025132,-1.5667170997320712,0.0,nan,0.0,0.0
POND / LAKE / RESERVOIR WATER,2016,02,BROOMLEE LOUGH AT OVERFLOW,55.02129032519466,-2.3343644831423953,9.56,7.12,0.0,0.0
POND / LAKE / RESERVOIR WATER,2016,02,GRASSHOLME RES - OUTFLOW NORTH (WFD),54.601155023630334,-2.0851796714273942,0.0,nan,0.0,0.0
POND / LAKE / RESERVOIR WATER,2016,02,GREENLEE LOUGH FIXED,55.018592968198355,-2.3660903149689867,14.0,7.01,0.0,0.0
POND / LAKE / RESERVOIR WATER,2016,02,"HELL KETTLES, SOUTH POND",54.49220833025132,-1.5667170997320712,0.0,nan,0.0,0.0
POND / LAKE / RESERVOIR WATER,2016,03,BROOMLEE LOUGH AT OVERFLOW,55.02129032519466,-2.3343644831423953,8.01,7.68,0.0,0.0
POND / LAKE / RESERVOIR WATER,2016,03,GRASSHOLME RES - OUTFLOW NORTH (WFD),54.601155023630334,-2.0851796714273942,0.0,nan,0.0,0.0
POND / LAKE / RESERVOIR WATER,2016,03,GREENLEE LOUGH FIXED,55.018592968198355,-2.3660903149689867,7.36,7.8,0.0,0.0
POND / LAKE / RESERVOIR WATER,2016,03,"HELL KETTLES, SOUTH POND",54.49220833025132,-1.5667170997320712,0.0,nan,0.0,0.0
POND / LAKE / RESERVOIR WATER,2016,04,BROOMLEE LOUGH AT OVERFLOW,55.02129032519466,-2.3343644831423953,8.32,7.95,0.0,0.0
POND / LAKE / RESERVOIR WATER,2016,04,GRASSHOLME RES - OUTFLOW NORTH (WFD),54.601155023630334,-2.0851796714273942,0.0,nan,0.0,0.0
POND / LAKE / RESERVOIR WATER,2016,04,GREENLEE LOUGH FIXED,55.018592968198355,-2.3660903149689867,13.3,8.29,0.0,0.0
POND / LAKE / RESERVOIR WATER,2016,05,BROOMLEE LOUGH AT OVERFLOW,55.02129032519466,-2.3343644831423953,8.29,8.22,0.0,0.0
POND / LAKE / RESERVOIR WATER,2016,05,GRASSHOLME RES - OUTFLOW NORTH (WFD),54.601155023630334,-2.0851796714273942,0.0,nan,0.0,0.0
POND / LAKE / RESERVOIR WATER,2016,05,GREENLEE LOUGH FIXED,55.018592968198355,-2.3660903149689867,12.1,8.29,0.0,0.0
POND / LAKE / RESERVOIR WATER,2016,06,BROOMLEE LOUGH AT OVERFLOW,55.02129032519466,-2.3343644831423953,8.15,8.78,0.0,0.0
POND / LAKE / RESERVOIR WATER,2016,06,GRASSHOLME RES - OUTFLOW NORTH (WFD),54.601155023630334,-2.0851796714273942,0.0,nan,0.0,0.0
POND / LAKE / RESERVOIR WATER,2016,06,GREENLEE LOUGH FIXED,55.018592968198355,-2.3660903149689867,14.4,8.63,0.0,0.0
POND / LAKE / RESERVOIR WATER,2016,06,"HELL KETTLES, SOUTH POND",54.49220833025132,-1.5667170997320712,0.0,nan,0.0,0.0
POND / LAKE / RESERVOIR WATER,2016,07,BROOMLEE LOUGH AT OVERFLOW,55.02129032519466,-2.3343644831423953,10.1,7.89,0.0,0.0
POND / LAKE / RESERVOIR WATER,2016,07,GRASSHOLME RES - OUTFLOW NORTH (WFD),54.601155023630334,-2.0851796714273942,0.0,nan,0.0,0.0
POND / LAKE / RESERVOIR WATER,2016,07,GREENLEE LOUGH FIXED,55.018592968198355,-2.3660903149689867,18.9,7.88,0.0,0.0
POND / LAKE / RESERVOIR WATER,2016,07,"HELL KETTLES, SOUTH POND",54.49220833025132,-1.5667170997320712,0.0,nan,0.0,0.0
POND / LAKE / RESERVOIR WATER,2016,08,BROOMLEE LOUGH AT OVERFLOW,55.02129032519466,-2.3343644831423953,10.2,7.94,0.0,0.0
POND / LAKE / RESERVOIR WATER,2016,08,GRASSHOLME RES - OUTFLOW NORTH (WFD),54.601155023630334,-2.0851796714273942,0.0,nan,0.0,0.0
POND / LAKE / RESERVOIR WATER,2016,08,GREENLEE LOUGH FIXED,55.018592968198355,-2.3660903149689867,23.4,7.83,0.0,0.0
POND / LAKE / RESERVOIR WATER,2016,08,"HELL KETTLES, SOUTH POND",54.49220833025132,-1.5667170997320712,0.0,nan,0.0,0.0
POND / LAKE / RESERVOIR WATER,2016,09,BROOMLEE LOUGH AT OVERFLOW,55.02129032519466,-2.3343644831423953,10.2,8.12,0.0,0.0
POND / LAKE / RESERVOIR WATER,2016,09,GRASSHOLME RES - OUTFLOW NORTH (WFD),54.601155023630334,-2.0851796714273942,0.0,nan,0.0,0.0
POND / LAKE / RESERVOIR WATER,2016,09,GREENLEE LOUGH FIXED,55.018592968198355,-2.3660903149689867,24.5,7.27,0.0,0.0
POND / LAKE / RESERVOIR WATER,2016,09,"HELL KETTLES, SOUTH POND",54.49220833025132,-1.5667170997320712,0.0,nan,0.0,0.0
POND / LAKE / RESERVOIR WATER,2016,10,BROOMLEE LOUGH AT OVERFLOW,55.02129032519466,-2.3343644831423953,11.5,7.67,0.0,0.0
POND / LAKE / RESERVOIR WATER,2016,10,GRASSHOLME RES - OUTFLOW NORTH (WFD),54.601155023630334,-2.0851796714273942,0.0,nan,0.0,0.0
POND / LAKE / RESERVOIR WATER,2016,10,GREENLEE LOUGH FIXED,55.018592968198355,-2.3660903149689867,11.8,7.88,0.0,0.0
POND / LAKE / RESERVOIR WATER,2016,10,"HELL KETTLES, SOUTH POND",54.49220833025132,-1.5667170997320712,0.0,nan,0.0,0.0
POND / LAKE / RESERVOIR WATER,2016,11,BROOMLEE LOUGH AT OVERFLOW,55.02129032519466,-2.3343644831423953,10.600000000000001,7.855,0.0,0.0
POND / LAKE / RESERVOIR WATER,2016,11,GRASSHOLME RES - OUTFLOW NORTH (WFD),54.601155023630334,-2.0851796714273942,0.0,nan,0.0,0.0
POND / LAKE / RESERVOIR WATER,2016,11,GREENLEE LOUGH FIXED,55.018592968198355,-2.3660903149689867,19.6,7.845000000000001,0.0,0.0
POND / LAKE / RESERVOIR WATER,2016,11,"HELL KETTLES, SOUTH POND",54.49220833025132,-1.5667170997320712,0.0,nan,0.0,0.0
POND / LAKE / RESERVOIR WATER,2016,12,GRASSHOLME RES - OUTFLOW NORTH (WFD),54.601155023630334,-2.0851796714273942,0.0,nan,0.0,0.0
POND / LAKE / RESERVOIR WATER,2016,12,"HELL KETTLES, SOUTH POND",54.49220833025132,-1.5667170997320712,0.0,nan,0.0,0.0
POND / LAKE / RESERVOIR WATER,2017,01,BROOMLEE LOUGH AT OVERFLOW,55.02129032519466,-2.3343644831423953,9.93,7.67,0.0,0.0
POND / LAKE / RESERVOIR WATER,2017,01,GRASSHOLME RES - OUTFLOW NORTH (WFD),54.601155023630334,-2.0851796714273942,0.0,nan,0.0,0.0
POND / LAKE / RESERVOIR WATER,2017,01,GREENLEE LOUGH FIXED,55.018592968198355,-2.3660903149689867,16.3,7.79,0.0,0.0
POND / LAKE / RESERVOIR WATER,2017,02,BROOMLEE LOUGH AT OVERFLOW,55.02129032519466,-2.3343644831423953,8.92,7.73,0.0,0.0
POND / LAKE / RESERVOIR WATER,2017,02,GRASSHOLME RES - OUTFLOW NORTH (WFD),54.601155023630334,-2.0851796714273942,0.0,nan,0.0,0.0
POND / LAKE / RESERVOIR WATER,2017,02,GREENLEE LOUGH FIXED,55.018592968198355,-2.3660903149689867,13.1,7.73,0.0,0.0
POND / LAKE / RESERVOIR WATER,2017,03,BROOMLEE LOUGH AT OVERFLOW,55.02129032519466,-2.3343644831423953,12.9,7.65,0.0,0.0
POND / LAKE / RESERVOIR WATER,2017,03,GRASSHOLME RES - OUTFLOW NORTH (WFD),54.601155023630334,-2.0851796714273942,0.0,nan,0.0,0.0
POND / LAKE / RESERVOIR WATER,2017,03,GREENLEE LOUGH FIXED,55.018592968198355,-2.3660903149689867,15.0,7.57,0.0,0.0
POND / LAKE / RESERVOIR WATER,2017,03,"HELL KETTLES, SOUTH POND",54.49220833025132,-1.5667170997320712,0.0,nan,0.0,0.0
POND / LAKE / RESERVOIR WATER,2017,04,BROOMLEE LOUGH AT OVERFLOW,55.02129032519466,-2.3343644831423953,8.72,7.88,0.0,0.0
POND / LAKE / RESERVOIR WATER,2017,04,GRASSHOLME RES - OUTFLOW NORTH (WFD),54.601155023630334,-2.0851796714273942,0.0,nan,0.0,0.0
POND / LAKE / RESERVOIR WATER,2017,04,GREENLEE LOUGH FIXED,55.018592968198355,-2.3660903149689867,13.1,8.23,0.0,0.0
POND / LAKE / RESERVOIR WATER,2017,04,"HELL KETTLES, SOUTH POND",54.49220833025132,-1.5667170997320712,0.0,nan,0.0,0.0
POND / LAKE / RESERVOIR WATER,2017,05,BROOMLEE LOUGH AT OVERFLOW,55.02129032519466,-2.3343644831423953,8.76,7.84,0.0,0.0
POND / LAKE / RESERVOIR WATER,2017,05,GRASSHOLME RES - OUTFLOW NORTH (WFD),54.601155023630334,-2.0851796714273942,0.0,nan,0.0,0.0
POND / LAKE / RESERVOIR WATER,2017,05,GREENLEE LOUGH FIXED,55.018592968198355,-2.3660903149689867,10.3,8.54,0.0,0.0
POND / LAKE / RESERVOIR WATER,2017,05,"HELL KETTLES, SOUTH POND",54.49220833025132,-1.5667170997320712,0.0,nan,0.0,0.0
POND / LAKE / RESERVOIR WATER,2017,06,BROOMLEE LOUGH AT OVERFLOW,55.02129032519466,-2.3343644831423953,10.8,8.04,0.0,0.0
POND / LAKE / RESERVOIR WATER,2017,06,GRASSHOLME RES - OUTFLOW NORTH (WFD),54.601155023630334,-2.0851796714273942,0.0,nan,0.0,0.0
POND / LAKE / RESERVOIR WATER,2017,06,GREENLEE LOUGH FIXED,55.018592968198355,-2.3660903149689867,16.5,8.09,0.0,0.0
POND / LAKE / RESERVOIR WATER,2017,06,"HELL KETTLES, SOUTH POND",54.49220833025132,-1.5667170997320712,0.0,nan,0.0,0.0
POND / LAKE / RESERVOIR WATER,2017,07,BROOMLEE LOUGH AT OVERFLOW,55.02129032519466,-2.3343644831423953,11.0,8.37,0.0,0.0
POND / LAKE / RESERVOIR WATER,2017,07,GRASSHOLME RES - OUTFLOW NORTH (WFD),54.601155023630334,-2.0851796714273942,0.0,nan,0.0,0.0
POND / LAKE / RESERVOIR WATER,2017,07,GREENLEE LOUGH FIXED,55.018592968198355,-2.3660903149689867,20.0,8.09,0.0,0.0
POND / LAKE / RESERVOIR WATER,2017,07,"HELL KETTLES, SOUTH POND",54.49220833025132,-1.5667170997320712,0.0,nan,0.0,0.0
POND / LAKE / RESERVOIR WATER,2017,08,BROOMLEE LOUGH AT OVERFLOW,55.02129032519466,-2.3343644831423953,9.58,7.79,0.0,0.0
POND / LAKE / RESERVOIR WATER,2017,08,GRASSHOLME RES - OUTFLOW NORTH (WFD),54.601155023630334,-2.0851796714273942,0.0,nan,0.0,0.0
POND / LAKE / RESERVOIR WATER,2017,08,GREENLEE LOUGH FIXED,55.018592968198355,-2.3660903149689867,19.8,8.11,0.0,0.0
POND / LAKE / RESERVOIR WATER,2017,08,"HELL KETTLES, SOUTH POND",54.49220833025132,-1.5667170997320712,0.0,nan,0.0,0.0
POND / LAKE / RESERVOIR WATER,2017,09,BROOMLEE LOUGH AT OVERFLOW,55.02129032519466,-2.3343644831423953,11.3,7.86,0.0,0.0
POND / LAKE / RESERVOIR WATER,2017,09,GRASSHOLME RES - OUTFLOW NORTH (WFD),54.601155023630334,-2.0851796714273942,0.0,nan,0.0,0.0
POND / LAKE / RESERVOIR WATER,2017,09,GREENLEE LOUGH FIXED,55.018592968198355,-2.3660903149689867,20.3,8.1,0.0,0.0
POND / LAKE / RESERVOIR WATER,2017,09,"HELL KETTLES, SOUTH POND",54.49220833025132,-1.5667170997320712,0.0,nan,0.0,0.0
POND / LAKE / RESERVOIR WATER,2017,10,BROOMLEE LOUGH AT OVERFLOW,55.02129032519466,-2.3343644831423953,15.2,7.82,0.0,0.0
POND / LAKE / RESERVOIR WATER,2017,10,GRASSHOLME RES - OUTFLOW NORTH (WFD),54.601155023630334,-2.0851796714273942,0.0,nan,0.0,0.0
POND / LAKE / RESERVOIR WATER,2017,10,GREENLEE LOUGH FIXED,55.018592968198355,-2.3660903149689867,22.9,7.85,0.0,0.0
POND / LAKE / RESERVOIR WATER,2017,11,BROOMLEE LOUGH AT OVERFLOW,55.02129032519466,-2.3343644831423953,12.45,8.055,0.0,0.0
POND / LAKE / RESERVOIR WATER,2017,11,GRASSHOLME RES - OUTFLOW NORTH (WFD),54.601155023630334,-2.0851796714273942,0.0,nan,0.0,0.0
POND / LAKE / RESERVOIR WATER,2017,11,GREENLEE LOUGH FIXED,55.018592968198355,-2.3660903149689867,19.4,8.165,0.0,0.0
POND / LAKE / RESERVOIR WATER,2017,12,GRASSHOLME RES - OUTFLOW NORTH (WFD),54.601155023630334,-2.0851796714273942,0.0,nan,0.0,0.0
POND / LAKE / RESERVOIR WATER,2018,01,BROOMLEE LOUGH AT OVERFLOW,55.02129032519466,-2.3343644831423953,10.9,7.9,0.0,0.0
POND / LAKE / RESERVOIR WATER,2018,01,GRASSHOLME RES - OUTFLOW NORTH (WFD),54.601155023630334,-2.0851796714273942,0.0,nan,0.0,0.0
POND / LAKE / RESERVOIR WATER,2018,01,GREENLEE LOUGH FIXED,55.018592968198355,-2.3660903149689867,14.3,7.53,0.0,0.0
POND / LAKE / RESERVOIR WATER,2018,02,BROOMLEE LOUGH AT OVERFLOW,55.02129032519466,-2.3343644831423953,8.66,7.98,0.0,0.0
POND / LAKE / RESERVOIR WATER,2018,02,GRASSHOLME RES - OUTFLOW NORTH (WFD),54.601155023630334,-2.0851796714273942,0.0,nan,0.0,0.0
POND / LAKE / RESERVOIR WATER,2018,02,GREENLEE LOUGH FIXED,55.018592968198355,-2.3660903149689867,11.8,8.08,0.0,0.0
POND / LAKE / RESERVOIR WATER,2018,03,BROOMLEE LOUGH AT OVERFLOW,55.02129032519466,-2.3343644831423953,7.12,7.78,0.0,0.0
POND / LAKE / RESERVOIR WATER,2018,03,GRASSHOLME RES - OUTFLOW NORTH (WFD),54.601155023630334,-2.0851796714273942,0.0,nan,0.0,0.0
POND / LAKE / RESERVOIR WATER,2018,03,GREENLEE LOUGH FIXED,55.018592968198355,-2.3660903149689867,10.3,7.91,0.0,0.0
POND / LAKE / RESERVOIR WATER,2018,04,BROOMLEE LOUGH AT OVERFLOW,55.02129032519466,-2.3343644831423953,9.89,7.98,0.0,0.0
POND / LAKE / RESERVOIR WATER,2018,04,GRASSHOLME RES - OUTFLOW NORTH (WFD),54.601155023630334,-2.0851796714273942,0.0,nan,0.0,0.0
POND / LAKE / RESERVOIR WATER,2018,04,GREENLEE LOUGH FIXED,55.018592968198355,-2.3660903149689867,9.95,8.12,0.0,0.0
POND / LAKE / RESERVOIR WATER,2018,05,BROOMLEE LOUGH AT OVERFLOW,55.02129032519466,-2.3343644831423953,7.98,8.22,0.0,0.0
POND / LAKE / RESERVOIR WATER,2018,05,GRASSHOLME RES - OUTFLOW NORTH (WFD),54.601155023630334,-2.0851796714273942,0.0,nan,0.0,0.0
POND / LAKE / RESERVOIR WATER,2018,05,GREENLEE LOUGH FIXED,55.018592968198355,-2.3660903149689867,8.44,8.21,0.0,0.0
POND / LAKE / RESERVOIR WATER,2018,06,BROOMLEE LOUGH AT OVERFLOW,55.02129032519466,-2.3343644831423953,7.01,7.93,0.0,0.0
POND / LAKE / RESERVOIR WATER,2018,06,GRASSHOLME RES - OUTFLOW NORTH (WFD),54.601155023630334,-2.0851796714273942,0.0,nan,0.0,0.0
POND / LAKE / RESERVOIR WATER,2018,06,GREENLEE LOUGH FIXED,55.018592968198355,-2.3660903149689867,7.61,9.24,0.0,0.0
POND / LAKE / RESERVOIR WATER,2018,07,BROOMLEE LOUGH AT OVERFLOW,55.02129032519466,-2.3343644831423953,9.96,8.39,0.0,0.0
POND / LAKE / RESERVOIR WATER,2018,07,GRASSHOLME RES - OUTFLOW NORTH (WFD),54.601155023630334,-2.0851796714273942,0.0,nan,0.0,0.0
POND / LAKE / RESERVOIR WATER,2018,07,GREENLEE LOUGH FIXED,55.018592968198355,-2.3660903149689867,15.4,8.94,0.0,0.0
POND / LAKE / RESERVOIR WATER,2018,08,BROOMLEE LOUGH AT OVERFLOW,55.02129032519466,-2.3343644831423953,11.4,nan,0.0,0.0
POND / LAKE / RESERVOIR WATER,2018,08,GRASSHOLME RES - OUTFLOW NORTH (WFD),54.601155023630334,-2.0851796714273942,0.0,nan,0.0,0.0
POND / LAKE / RESERVOIR WATER,2018,08,GREENLEE LOUGH FIXED,55.018592968198355,-2.3660903149689867,19.4,nan,0.0,0.0
POND / LAKE / RESERVOIR WATER,2018,09,BROOMLEE LOUGH AT OVERFLOW,55.02129032519466,-2.3343644831423953,8.97,8.07,0.0,0.0
POND / LAKE / RESERVOIR WATER,2018,09,GRASSHOLME RES - OUTFLOW NORTH (WFD),54.601155023630334,-2.0851796714273942,0.0,nan,0.0,0.0
POND / LAKE / RESERVOIR WATER,2018,09,GREENLEE LOUGH FIXED,55.018592968198355,-2.3660903149689867,20.9,6.76,0.0,0.0
POND / LAKE / RESERVOIR WATER,2018,10,BROOMLEE LOUGH AT OVERFLOW,55.02129032519466,-2.3343644831423953,9.05,8.06,0.0,0.0
POND / LAKE / RESERVOIR WATER,2018,10,GRASSHOLME RES - OUTFLOW NORTH (WFD),54.601155023630334,-2.0851796714273942,0.0,nan,0.0,0.0
POND / LAKE / RESERVOIR WATER,2018,10,GREENLEE LOUGH FIXED,55.018592968198355,-2.3660903149689867,18.8,8.03,0.0,0.0
POND / LAKE / RESERVOIR WATER,2018,11,BROOMLEE LOUGH AT OVERFLOW,55.02129032519466,-2.3343644831423953,9.06,7.93,0.0,0.0
POND / LAKE / RESERVOIR WATER,2018,11,GRASSHOLME RES - OUTFLOW NORTH (WFD),54.601155023630334,-2.0851796714273942,0.0,nan,0.0,0.0
POND / LAKE / RESERVOIR WATER,2018,11,GREENLEE LOUGH FIXED,55.018592968198355,-2.3660903149689867,18.9,7.73,0.0,0.0
POND / LAKE / RESERVOIR WATER,2018,12,BROOMLEE LOUGH AT OVERFLOW,55.02129032519466,-2.3343644831423953,10.8,7.77,0.0,0.0
POND / LAKE / RESERVOIR WATER,2018,12,GRASSHOLME RES - OUTFLOW NORTH (WFD),54.601155023630334,-2.0851796714273942,0.0,nan,0.0,0.0
POND / LAKE / RESERVOIR WATER,2018,12,GREENLEE LOUGH FIXED,55.018592968198355,-2.3660903149689867,12.2,6.95,0.0,0.0
POND / LAKE / RESERVOIR WATER,2019,01,GRASSHOLME RES - OUTFLOW NORTH (WFD),54.601155023630334,-2.0851796714273942,0.0,nan,0.0,0.0
POND / LAKE / RESERVOIR WATER,2019,02,BROOMLEE LOUGH AT OVERFLOW,55.02129032519466,-2.3343644831423953,8.99,8.15,0.0,0.0
POND / LAKE / RESERVOIR WATER,2019,02,GRASSHOLME RES - OUTFLOW NORTH (WFD),54.601155023630334,-2.0851796714273942,0.0,nan,0.0,0.0
POND / LAKE / RESERVOIR WATER,2019,02,GREENLEE LOUGH FIXED,55.018592968198355,-2.3660903149689867,11.6,7.96,0.0,0.0
POND / LAKE / RESERVOIR WATER,2019,03,BROOMLEE LOUGH AT OVERFLOW,55.02129032519466,-2.3343644831423953,8.69,7.94,0.0,0.0
POND / LAKE / RESERVOIR WATER,2019,03,GRASSHOLME RES - OUTFLOW NORTH (WFD),54.601155023630334,-2.0851796714273942,0.0,nan,0.0,0.0
POND / LAKE / RESERVOIR WATER,2019,03,GREENLEE LOUGH FIXED,55.018592968198355,-2.3660903149689867,12.3,7.74,0.0,0.0
POND / LAKE / RESERVOIR WATER,2019,04,BROOMLEE LOUGH AT OVERFLOW,55.02129032519466,-2.3343644831423953,10.0,8.22,0.0,0.0
POND / LAKE / RESERVOIR WATER,2019,04,GREENLEE LOUGH FIXED,55.018592968198355,-2.3660903149689867,10.2,8.28,0.0,0.0
POND / LAKE / RESERVOIR WATER,2019,05,"HELL KETTLES, SOUTH POND",54.49220833025132,-1.5667170997320712,0.0,nan,0.0,0.0
POND / LAKE / RESERVOIR WATER,2019,07,GRASSHOLME RES - OUTFLOW NORTH (WFD),54.601155023630334,-2.0851796714273942,0.0,8.37,0.196,10.2
POND / LAKE / RESERVOIR WATER,2019,07,"HELL KETTLES, SOUTH POND",54.49220833025132,-1.5667170997320712,0.0,nan,0.0,0.0
POND / LAKE / RESERVOIR WATER,2019,08,GRASSHOLME RES - OUTFLOW NORTH (WFD),54.601155023630334,-2.0851796714273942,0.0,7.93,0.246,8.98
POND / LAKE / RESERVOIR WATER,2019,09,GRASSHOLME RES - OUTFLOW NORTH (WFD),54.601155023630334,-2.0851796714273942,0.0,7.775,0.196,10.05
POND / LAKE / RESERVOIR WATER,2019,09,"HELL KETTLES, SOUTH POND",54.49220833025132,-1.5667170997320712,0.0,nan,0.0,0.0
POND / LAKE / RESERVOIR WATER,2019,10,"HELL KETTLES, SOUTH POND",54.49220833025132,-1.5667170997320712,0.0,nan,0.0,0.0
POND / LAKE / RESERVOIR WATER,2019,11,GRASSHOLME RES - OUTFLOW NORTH (WFD),54.601155023630334,-2.0851796714273942,0.0,8.05,0.196,11.8
POND / LAKE / RESERVOIR WATER,2019,11,"HELL KETTLES, SOUTH POND",54.49220833025132,-1.5667170997320712,0.0,nan,0.0,0.0
POND / LAKE / RESERVOIR WATER,2019,12,GRASSHOLME RES - OUTFLOW NORTH (WFD),54.601155023630334,-2.0851796714273942,0.0,7.88,0.196,13.2
POND / LAKE / RESERVOIR WATER,2019,12,"HELL KETTLES, SOUTH POND",54.49220833025132,-1.5667170997320712,0.0,nan,0.0,0.0
POND / LAKE / RESERVOIR WATER,2020,01,GRASSHOLME RES - OUTFLOW NORTH (WFD),54.601155023630334,-2.0851796714273942,0.0,7.91,0.196,13.0
POND / LAKE / RESERVOIR WATER,2020,01,"HELL KETTLES, SOUTH POND",54.49220833025132,-1.5667170997320712,0.0,nan,0.0,0.0
POND / LAKE / RESERVOIR WATER,2020,02,GRASSHOLME RES - OUTFLOW NORTH (WFD),54.601155023630334,-2.0851796714273942,0.0,7.8,0.206,13.2
POND / LAKE / RESERVOIR WATER,2020,02,"HELL KETTLES, SOUTH POND",54.49220833025132,-1.5667170997320712,0.0,nan,0.0,0.0
POND / LAKE / RESERVOIR WATER,2020,03,GRASSHOLME RES - OUTFLOW NORTH (WFD),54.601155023630334,-2.0851796714273942,0.0,7.8100000000000005,0.196,12.75
POND / LAKE / RESERVOIR WATER,2020,03,"HELL KETTLES, SOUTH POND",54.49220833025132,-1.5667170997320712,0.0,nan,0.0,0.0
POND / LAKE / RESERVOIR WATER,2021,05,"HELL KETTLES, SOUTH POND",54.49220833025132,-1.5667170997320712,0.0,nan,0.0,0.0
POND / LAKE / RESERVOIR WATER,2021,06,"HELL KETTLES, SOUTH POND",54.49220833025132,-1.5667170997320712,0.0,nan,0.0,0.0
POND / LAKE / RESERVOIR WATER,2021,07,"HELL KETTLES, SOUTH POND",54.49220833025132,-1.5667170997320712,0.0,nan,0.0,0.0
POND / LAKE / RESERVOIR WATER,2021,08,"HELL KETTLES, SOUTH POND",54.49220833025132,-1.5667170997320712,0.0,nan,0.0,0.0
POND / LAKE / RESERVOIR WATER,2021,09,"HELL KETTLES, SOUTH POND",54.49220833025132,-1.5667170997320712,0.0,nan,0.0,0.0
POND / LAKE / RESERVOIR WATER,2021,10,"HELL KETTLES, SOUTH POND",54.49220833025132,-1.5667170997320712,0.0,nan,0.0,0.0
POND / LAKE / RESERVOIR WATER,2021,11,"HELL KETTLES, SOUTH POND",54.49220833025132,-1.5667170997320712,0.0,nan,0.0,0.0
POND / LAKE / RESERVOIR WATER,2021,12,"HELL KETTLES, SOUTH POND",54.49220833025132,-1.5667170997320712,0.0,nan,0.0,0.0
POND / LAKE / RESERVOIR WATER,2022,01,"HELL KETTLES, SOUTH POND",54.49220833025132,-1.5667170997320712,0.0,nan,0.0,0.0
POND / LAKE / RESERVOIR WATER,2022,02,"HELL KETTLES, SOUTH POND",54.49220833025132,-1.5667170997320712,0.0,nan,0.0,0.0
POND / LAKE / RESERVOIR WATER,2022,03,"HELL KETTLES, SOUTH POND",54.49220833025132,-1.5667170997320712,0.0,nan,0.0,0.0
POND / LAKE / RESERVOIR WATER,2022,04,"HELL KETTLES, SOUTH POND",54.49220833025132,-1.5667170997320712,0.0,nan,0.0,0.0
POND / LAKE / RESERVOIR WATER,2022,05,"HELL KETTLES, SOUTH POND",54.49220833025132,-1.5667170997320712,0.0,nan,0.0,0.0
POND / LAKE / RESERVOIR WATER,2022,06,"HELL KETTLES, SOUTH POND",54.49220833025132,-1.5667170997320712,0.0,nan,0.0,0.0
POND / LAKE / RESERVOIR WATER,2022,07,"HELL KETTLES, SOUTH POND",54.49220833025132,-1.5667170997320712,0.0,nan,0.0,0.0
RIVER / RUNNING SURFACE WATER,2000,01,GREENLEE LOUGH FIXED,55.018592968198355,-2.3660903149689867,0.0,nan,0.504,0.0
RIVER / RUNNING SURFACE WATER,2000,02,GREENLEE LOUGH FIXED,55.018592968198355,-2.3660903149689867,0.0,nan,0.419,0.0
RIVER / RUNNING SURFACE WATER,2000,03,GREENLEE LOUGH FIXED,55.018592968198355,-2.3660903149689867,0.0,nan,0.44,0.0
RIVER / RUNNING SURFACE WATER,2000,05,GREENLEE LOUGH FIXED,55.018592968198355,-2.3660903149689867,0.0,nan,0.193,0.0
RIVER / RUNNING SURFACE WATER,2000,06,GREENLEE LOUGH FIXED,55.018592968198355,-2.3660903149689867,0.0,nan,0.192,0.0
RIVER / RUNNING SURFACE WATER,2000,07,GREENLEE LOUGH FIXED,55.018592968198355,-2.3660903149689867,0.0,nan,0.194,0.0
RIVER / RUNNING SURFACE WATER,2000,09,GREENLEE LOUGH FIXED,55.018592968198355,-2.3660903149689867,0.0,nan,0.1905,0.0
RIVER / RUNNING SURFACE WATER,2000,10,GREENLEE LOUGH FIXED,55.018592968198355,-2.3660903149689867,0.0,nan,0.247,0.0
RIVER / RUNNING SURFACE WATER,2000,11,GREENLEE LOUGH FIXED,55.018592968198355,-2.3660903149689867,0.0,nan,0.216,0.0
RIVER / RUNNING SURFACE WATER,2000,12,GREENLEE LOUGH FIXED,55.018592968198355,-2.3660903149689867,0.0,nan,0.238,0.0
RIVER / RUNNING SURFACE WATER,2001,01,GREENLEE LOUGH FIXED,55.018592968198355,-2.3660903149689867,0.0,nan,0.283,0.0
RIVER / RUNNING SURFACE WATER,2002,03,GREENLEE LOUGH FIXED,55.018592968198355,-2.3660903149689867,0.0,7.4,0.363,0.0
RIVER / RUNNING SURFACE WATER,2002,04,GREENLEE LOUGH FIXED,55.018592968198355,-2.3660903149689867,0.0,7.5,0.19,0.0
RIVER / RUNNING SURFACE WATER,2002,05,GREENLEE LOUGH FIXED,55.018592968198355,-2.3660903149689867,0.0,nan,0.191,0.0
RIVER / RUNNING SURFACE WATER,2002,06,GREENLEE LOUGH FIXED,55.018592968198355,-2.3660903149689867,0.0,nan,0.193,0.0
RIVER / RUNNING SURFACE WATER,2002,07,GREENLEE LOUGH FIXED,55.018592968198355,-2.3660903149689867,0.0,nan,0.194,0.0
RIVER / RUNNING SURFACE WATER,2002,10,GREENLEE LOUGH FIXED,55.018592968198355,-2.3660903149689867,0.0,nan,0.326,0.0
RIVER / RUNNING SURFACE WATER,2002,11,GREENLEE LOUGH FIXED,55.018592968198355,-2.3660903149689867,0.0,nan,0.0,0.0
RIVER / RUNNING SURFACE WATER,2003,01,GREENLEE LOUGH FIXED,55.018592968198355,-2.3660903149689867,0.0,nan,0.341,0.0
RIVER / RUNNING SURFACE WATER,2003,02,GREENLEE LOUGH FIXED,55.018592968198355,-2.3660903149689867,0.0,nan,0.296,0.0
RIVER / RUNNING SURFACE WATER,2003,03,GREENLEE LOUGH FIXED,55.018592968198355,-2.3660903149689867,0.0,nan,0.194,0.0
RIVER / RUNNING SURFACE WATER,2003,04,GREENLEE LOUGH FIXED,55.018592968198355,-2.3660903149689867,0.0,nan,0.195,0.0
RIVER / RUNNING SURFACE WATER,2003,05,GREENLEE LOUGH FIXED,55.018592968198355,-2.3660903149689867,0.0,nan,0.195,0.0
RIVER / RUNNING SURFACE WATER,2003,06,GREENLEE LOUGH FIXED,55.018592968198355,-2.3660903149689867,0.0,nan,0.195,0.0
RIVER / RUNNING SURFACE WATER,2003,07,GREENLEE LOUGH FIXED,55.018592968198355,-2.3660903149689867,0.0,8.4,0.195,0.0
RIVER / RUNNING SURFACE WATER,2003,08,GREENLEE LOUGH FIXED,55.018592968198355,-2.3660903149689867,0.0,nan,0.0,0.0
RIVER / RUNNING SURFACE WATER,2003,09,GREENLEE LOUGH FIXED,55.018592968198355,-2.3660903149689867,0.0,nan,0.0,0.0
RIVER / RUNNING SURFACE WATER,2003,10,GREENLEE LOUGH FIXED,55.018592968198355,-2.3660903149689867,0.0,7.6,0.195,0.0
RIVER / RUNNING SURFACE WATER,2003,12,GREENLEE LOUGH FIXED,55.018592968198355,-2.3660903149689867,0.0,9.0,0.215,0.0
RIVER / RUNNING SURFACE WATER,2004,01,GREENLEE LOUGH FIXED,55.018592968198355,-2.3660903149689867,0.0,nan,0.235,0.0
RIVER / RUNNING SURFACE WATER,2004,02,GREENLEE LOUGH FIXED,55.018592968198355,-2.3660903149689867,0.0,6.9,0.335,0.0
RIVER / RUNNING SURFACE WATER,2004,03,GREENLEE LOUGH FIXED,55.018592968198355,-2.3660903149689867,0.0,6.9,0.196,0.0
RIVER / RUNNING SURFACE WATER,2004,04,GREENLEE LOUGH FIXED,55.018592968198355,-2.3660903149689867,0.0,nan,0.196,0.0
RIVER / RUNNING SURFACE WATER,2004,05,GREENLEE LOUGH FIXED,55.018592968198355,-2.3660903149689867,0.0,nan,0.196,0.0
RIVER / RUNNING SURFACE WATER,2004,06,GREENLEE LOUGH FIXED,55.018592968198355,-2.3660903149689867,0.0,nan,0.196,0.0
RIVER / RUNNING SURFACE WATER,2004,07,BROOMLEE LOUGH AT OVERFLOW,55.02129032519466,-2.3343644831423953,0.0,8.0,0.0,0.0
RIVER / RUNNING SURFACE WATER,2004,07,GREENLEE LOUGH FIXED,55.018592968198355,-2.3660903149689867,0.0,6.9,0.196,0.0
RIVER / RUNNING SURFACE WATER,2004,08,BROOMLEE LOUGH AT OVERFLOW,55.02129032519466,-2.3343644831423953,0.0,7.8,0.0,0.0
RIVER / RUNNING SURFACE WATER,2004,08,GREENLEE LOUGH FIXED,55.018592968198355,-2.3660903149689867,0.0,7.0,0.196,0.0
RIVER / RUNNING SURFACE WATER,2004,09,BROOMLEE LOUGH AT OVERFLOW,55.02129032519466,-2.3343644831423953,0.0,7.1,0.0,0.0
RIVER / RUNNING SURFACE WATER,2004,09,GREENLEE LOUGH FIXED,55.018592968198355,-2.3660903149689867,0.0,6.75,0.196,0.0
RIVER / RUNNING SURFACE WATER,2004,10,BROOMLEE LOUGH AT OVERFLOW,55.02129032519466,-2.3343644831423953,0.0,7.25,0.0,0.0
RIVER / RUNNING SURFACE WATER,2004,10,GREENLEE LOUGH FIXED,55.018592968198355,-2.3660903149689867,0.0,6.800000000000001,0.196,0.0
RIVER / RUNNING SURFACE WATER,2004,11,BROOMLEE LOUGH AT OVERFLOW,55.02129032519466,-2.3343644831423953,0.0,7.533333333333332,0.0,0.0
RIVER / RUNNING SURFACE WATER,2004,11,GREENLEE LOUGH FIXED,55.018592968198355,-2.3660903149689867,0.0,6.8,0.286,0.0
RIVER / RUNNING SURFACE WATER,2004,12,BROOMLEE LOUGH AT OVERFLOW,55.02129032519466,-2.3343644831423953,0.0,7.0,0.0,0.0
RIVER / RUNNING SURFACE WATER,2004,12,GREENLEE LOUGH FIXED,55.018592968198355,-2.3660903149689867,0.0,6.0,0.0,0.0
RIVER / RUNNING SURFACE WATER,2005,01,BROOMLEE LOUGH AT OVERFLOW,55.02129032519466,-2.3343644831423953,0.0,7.5,0.0,0.0
RIVER / RUNNING SURFACE WATER,2005,01,GREENLEE LOUGH FIXED,55.018592968198355,-2.3660903149689867,0.0,6.8,0.196,0.0
RIVER / RUNNING SURFACE WATER,2005,02,BROOMLEE LOUGH AT OVERFLOW,55.02129032519466,-2.3343644831423953,0.0,7.4,0.0,0.0
RIVER / RUNNING SURFACE WATER,2005,02,GREENLEE LOUGH FIXED,55.018592968198355,-2.3660903149689867,0.0,6.7,0.233,0.0
RIVER / RUNNING SURFACE WATER,2005,03,BROOMLEE LOUGH AT OVERFLOW,55.02129032519466,-2.3343644831423953,0.0,7.6,0.0,0.0
RIVER / RUNNING SURFACE WATER,2005,03,GREENLEE LOUGH FIXED,55.018592968198355,-2.3660903149689867,0.0,6.8,0.196,0.0
RIVER / RUNNING SURFACE WATER,2005,04,BROOMLEE LOUGH AT OVERFLOW,55.02129032519466,-2.3343644831423953,0.0,7.7,0.0,0.0
RIVER / RUNNING SURFACE WATER,2005,04,GREENLEE LOUGH FIXED,55.018592968198355,-2.3660903149689867,0.0,7.2,0.206,0.0
RIVER / RUNNING SURFACE WATER,2005,05,BROOMLEE LOUGH AT OVERFLOW,55.02129032519466,-2.3343644831423953,0.0,8.1,0.0,0.0
RIVER / RUNNING SURFACE WATER,2005,05,GREENLEE LOUGH FIXED,55.018592968198355,-2.3660903149689867,0.0,7.7,0.196,0.0
RIVER / RUNNING SURFACE WATER,2005,06,BROOMLEE LOUGH AT OVERFLOW,55.02129032519466,-2.3343644831423953,0.0,8.1,0.0,0.0
RIVER / RUNNING SURFACE WATER,2005,06,GREENLEE LOUGH FIXED,55.018592968198355,-2.3660903149689867,0.0,7.8,0.196,0.0
RIVER / RUNNING SURFACE WATER,2005,07,BROOMLEE LOUGH AT OVERFLOW,55.02129032519466,-2.3343644831423953,0.0,7.9,0.0,0.0
RIVER / RUNNING SURFACE WATER,2005,07,GREENLEE LOUGH FIXED,55.018592968198355,-2.3660903149689867,0.0,7.8,0.196,0.0
RIVER / RUNNING SURFACE WATER,2005,09,BROOMLEE LOUGH AT OVERFLOW,55.02129032519466,-2.3343644831423953,10.2,8.2,0.0,0.0
RIVER / RUNNING SURFACE WATER,2005,09,GREENLEE LOUGH FIXED,55.018592968198355,-2.3660903149689867,16.9,7.6,0.196,0.0
RIVER / RUNNING SURFACE WATER,2005,10,BROOMLEE LOUGH AT OVERFLOW,55.02129032519466,-2.3343644831423953,12.5,7.4,0.0,0.0
RIVER / RUNNING SURFACE WATER,2005,10,GREENLEE LOUGH FIXED,55.018592968198355,-2.3660903149689867,12.0,6.3,0.266,0.0
RIVER / RUNNING SURFACE WATER,2005,11,BROOMLEE LOUGH AT OVERFLOW,55.02129032519466,-2.3343644831423953,11.4,7.6,0.0,0.0
RIVER / RUNNING SURFACE WATER,2005,11,GREENLEE LOUGH FIXED,55.018592968198355,-2.3660903149689867,19.4,7.4,0.196,0.0
RIVER / RUNNING SURFACE WATER,2005,12,GREENLEE LOUGH FIXED,55.018592968198355,-2.3660903149689867,0.0,nan,0.226,0.0
RIVER / RUNNING SURFACE WATER,2006,01,BROOMLEE LOUGH AT OVERFLOW,55.02129032519466,-2.3343644831423953,11.1,7.6,0.0,0.0
RIVER / RUNNING SURFACE WATER,2006,01,GREENLEE LOUGH FIXED,55.018592968198355,-2.3660903149689867,15.2,7.4,0.326,0.0
RIVER / RUNNING SURFACE WATER,2006,02,BROOMLEE LOUGH AT OVERFLOW,55.02129032519466,-2.3343644831423953,11.4,7.2,0.0,0.0
RIVER / RUNNING SURFACE WATER,2006,02,GREENLEE LOUGH FIXED,55.018592968198355,-2.3660903149689867,13.2,7.0,0.326,0.0
RIVER / RUNNING SURFACE WATER,2006,03,BROOMLEE LOUGH AT OVERFLOW,55.02129032519466,-2.3343644831423953,10.0,7.3,0.0,0.0
RIVER / RUNNING SURFACE WATER,2006,03,GREENLEE LOUGH FIXED,55.018592968198355,-2.3660903149689867,11.4,6.7,0.266,0.0
RIVER / RUNNING SURFACE WATER,2006,05,BROOMLEE LOUGH AT OVERFLOW,55.02129032519466,-2.3343644831423953,13.5,7.9,0.0,0.0
RIVER / RUNNING SURFACE WATER,2006,05,GREENLEE LOUGH FIXED,55.018592968198355,-2.3660903149689867,16.9,7.3,0.196,0.0
RIVER / RUNNING SURFACE WATER,2006,06,GREENLEE LOUGH FIXED,55.018592968198355,-2.3660903149689867,15.6,8.3,0.196,0.0
RIVER / RUNNING SURFACE WATER,2006,07,BROOMLEE LOUGH AT OVERFLOW,55.02129032519466,-2.3343644831423953,15.75,8.850000000000001,0.0,0.0
RIVER / RUNNING SURFACE WATER,2006,07,GREENLEE LOUGH FIXED,55.018592968198355,-2.3660903149689867,14.1,9.2,0.196,0.0
RIVER / RUNNING SURFACE WATER,2006,08,BROOMLEE LOUGH AT OVERFLOW,55.02129032519466,-2.3343644831423953,16.0,8.6,0.0,0.0
RIVER / RUNNING SURFACE WATER,2006,08,GREENLEE LOUGH FIXED,55.018592968198355,-2.3660903149689867,16.6,8.5,0.196,0.0
RIVER / RUNNING SURFACE WATER,2006,09,BROOMLEE LOUGH AT OVERFLOW,55.02129032519466,-2.3343644831423953,9.87,8.3,0.0,0.0
RIVER / RUNNING SURFACE WATER,2006,09,GREENLEE LOUGH FIXED,55.018592968198355,-2.3660903149689867,12.4,7.9,0.196,0.0
RIVER / RUNNING SURFACE WATER,2006,10,BROOMLEE LOUGH AT OVERFLOW,55.02129032519466,-2.3343644831423953,9.6,8.0,0.0,0.0
RIVER / RUNNING SURFACE WATER,2006,10,GREENLEE LOUGH FIXED,55.018592968198355,-2.3660903149689867,16.8,7.4,0.286,0.0
RIVER / RUNNING SURFACE WATER,2006,11,GREENLEE LOUGH FIXED,55.018592968198355,-2.3660903149689867,22.9,7.0,0.29300000000000004,11.2
RIVER / RUNNING SURFACE WATER,2006,12,GREENLEE LOUGH FIXED,55.018592968198355,-2.3660903149689867,25.0,6.3,0.396,0.0
RIVER / RUNNING SURFACE WATER,2007,01,BROOMLEE LOUGH AT OVERFLOW,55.02129032519466,-2.3343644831423953,9.75,7.1,0.345,12.3
RIVER / RUNNING SURFACE WATER,2007,01,GREENLEE LOUGH FIXED,55.018592968198355,-2.3660903149689867,12.7,6.5,0.346,0.0
RIVER / RUNNING SURFACE WATER,2007,01,TILL @ HEATON MILL,55.674945826365814,-2.160534365357642,0.0,7.5,3.51,0.0
RIVER / RUNNING SURFACE WATER,2007,02,TILL @ HEATON MILL,55.674945826365814,-2.160534365357642,0.0,7.633333333333334,3.783333333333333,0.0
RIVER / RUNNING SURFACE WATER,2007,03,BROOMLEE LOUGH AT OVERFLOW,55.02129032519466,-2.3343644831423953,10.235,7.5,0.256,12.75
RIVER / RUNNING SURFACE WATER,2007,03,GREENLEE LOUGH FIXED,55.018592968198355,-2.3660903149689867,11.05,7.0,0.196,11.15
RIVER / RUNNING SURFACE WATER,2007,03,TILL @ HEATON MILL,55.674945826365814,-2.160534365357642,0.0,7.7,3.1399999999999997,0.0
RIVER / RUNNING SURFACE WATER,2007,04,BROOMLEE LOUGH AT OVERFLOW,55.02129032519466,-2.3343644831423953,8.03,8.1,0.196,9.23
RIVER / RUNNING SURFACE WATER,2007,04,GREENLEE LOUGH FIXED,55.018592968198355,-2.3660903149689867,10.9,7.8,0.196,10.1
RIVER / RUNNING SURFACE WATER,2007,04,TILL @ HEATON MILL,55.674945826365814,-2.160534365357642,0.0,7.8500000000000005,2.5250000000000004,0.0
RIVER / RUNNING SURFACE WATER,2007,05,BROOMLEE LOUGH AT OVERFLOW,55.02129032519466,-2.3343644831423953,8.08,7.8,0.196,9.44
RIVER / RUNNING SURFACE WATER,2007,05,GREENLEE LOUGH FIXED,55.018592968198355,-2.3660903149689867,10.3,7.8,0.196,10.8
RIVER / RUNNING SURFACE WATER,2007,05,TILL @ HEATON MILL,55.674945826365814,-2.160534365357642,0.0,7.9,1.9040000000000004,0.0
RIVER / RUNNING SURFACE WATER,2007,06,BROOMLEE LOUGH AT OVERFLOW,55.02129032519466,-2.3343644831423953,8.12,7.6,0.196,7.39
RIVER / RUNNING SURFACE WATER,2007,06,GREENLEE LOUGH FIXED,55.018592968198355,-2.3660903149689867,11.9,7.3,0.196,7.83
RIVER / RUNNING SURFACE WATER,2007,06,TILL @ HEATON MILL,55.674945826365814,-2.160534365357642,0.0,7.766666666666667,1.9266666666666665,0.0
RIVER / RUNNING SURFACE WATER,2007,07,BROOMLEE LOUGH AT OVERFLOW,55.02129032519466,-2.3343644831423953,0.0,nan,0.0,0.0
RIVER / RUNNING SURFACE WATER,2007,07,GREENLEE LOUGH FIXED,55.018592968198355,-2.3660903149689867,21.0,6.4,0.196,8.49
RIVER / RUNNING SURFACE WATER,2007,07,TILL @ HEATON MILL,55.674945826365814,-2.160534365357642,0.0,7.6,1.964,0.0
RIVER / RUNNING SURFACE WATER,2007,08,BROOMLEE LOUGH AT OVERFLOW,55.02129032519466,-2.3343644831423953,12.6,7.3,0.196,6.28
RIVER / RUNNING SURFACE WATER,2007,08,GREENLEE LOUGH FIXED,55.018592968198355,-2.3660903149689867,18.8,7.5,0.196,6.75
RIVER / RUNNING SURFACE WATER,2007,08,TILL @ HEATON MILL,55.674945826365814,-2.160534365357642,0.0,7.8,1.669,0.0
RIVER / RUNNING SURFACE WATER,2007,09,BROOMLEE LOUGH AT OVERFLOW,55.02129032519466,-2.3343644831423953,0.0,nan,0.0,0.0
RIVER / RUNNING SURFACE WATER,2007,09,GREENLEE LOUGH FIXED,55.018592968198355,-2.3660903149689867,0.0,nan,0.0,0.0
RIVER / RUNNING SURFACE WATER,2007,09,TILL @ HEATON MILL,55.674945826365814,-2.160534365357642,0.0,7.766666666666667,2.085,0.0
RIVER / RUNNING SURFACE WATER,2007,10,TILL @ HEATON MILL,55.674945826365814,-2.160534365357642,0.0,7.85,2.1449999999999996,10.45
RIVER / RUNNING SURFACE WATER,2007,11,BROOMLEE LOUGH AT OVERFLOW,55.02129032519466,-2.3343644831423953,8.805,7.605,0.196,11.165
RIVER / RUNNING SURFACE WATER,2007,11,GREENLEE LOUGH FIXED,55.018592968198355,-2.3660903149689867,14.45,7.595000000000001,0.201,11.185
RIVER / RUNNING SURFACE WATER,2007,11,TILL @ HEATON MILL,55.674945826365814,-2.160534365357642,0.0,7.6,2.3975,11.35
RIVER / RUNNING SURFACE WATER,2007,12,BROOMLEE LOUGH AT OVERFLOW,55.02129032519466,-2.3343644831423953,11.1,7.63,0.206,10.1
RIVER / RUNNING SURFACE WATER,2007,12,GREENLEE LOUGH FIXED,55.018592968198355,-2.3660903149689867,18.2,7.26,0.286,3.81
RIVER / RUNNING SURFACE WATER,2007,12,TILL @ HEATON MILL,55.674945826365814,-2.160534365357642,0.0,7.5,2.99,11.65
RIVER / RUNNING SURFACE WATER,2008,01,BROOMLEE LOUGH AT OVERFLOW,55.02129032519466,-2.3343644831423953,0.0,nan,0.0,0.0
RIVER / RUNNING SURFACE WATER,2008,01,GREENLEE LOUGH FIXED,55.018592968198355,-2.3660903149689867,12.6,7.09,0.336,11.6
RIVER / RUNNING SURFACE WATER,2008,01,TILL @ HEATON MILL,55.674945826365814,-2.160534365357642,0.0,nan,3.8325,0.0
RIVER / RUNNING SURFACE WATER,2008,02,BROOMLEE LOUGH AT OVERFLOW,55.02129032519466,-2.3343644831423953,8.22,7.32,0.326,13.3
RIVER / RUNNING SURFACE WATER,2008,02,GREENLEE LOUGH FIXED,55.018592968198355,-2.3660903149689867,10.8,7.6,0.306,8.61
RIVER / RUNNING SURFACE WATER,2008,02,TILL @ HEATON MILL,55.674945826365814,-2.160534365357642,0.0,nan,3.0893333333333337,0.0
RIVER / RUNNING SURFACE WATER,2008,03,BROOMLEE LOUGH AT OVERFLOW,55.02129032519466,-2.3343644831423953,7.69,8.0,0.266,11.6
RIVER / RUNNING SURFACE WATER,2008,03,GREENLEE LOUGH FIXED,55.018592968198355,-2.3660903149689867,9.53,7.38,0.216,11.3
RIVER / RUNNING SURFACE WATER,2008,04,BROOMLEE LOUGH AT OVERFLOW,55.02129032519466,-2.3343644831423953,7.31,8.1,0.206,10.6
RIVER / RUNNING SURFACE WATER,2008,04,GREENLEE LOUGH FIXED,55.018592968198355,-2.3660903149689867,8.81,7.4,0.196,10.3
RIVER / RUNNING SURFACE WATER,2008,05,BROOMLEE LOUGH AT OVERFLOW,55.02129032519466,-2.3343644831423953,10.1,7.66,0.196,8.28
RIVER / RUNNING SURFACE WATER,2008,05,GREENLEE LOUGH FIXED,55.018592968198355,-2.3660903149689867,7.73,7.82,0.196,9.68
RIVER / RUNNING SURFACE WATER,2008,06,BROOMLEE LOUGH AT OVERFLOW,55.02129032519466,-2.3343644831423953,7.51,8.28,0.196,7.54
RIVER / RUNNING SURFACE WATER,2008,06,GREENLEE LOUGH FIXED,55.018592968198355,-2.3660903149689867,9.49,7.75,0.196,9.76
RIVER / RUNNING SURFACE WATER,2008,07,BROOMLEE LOUGH AT OVERFLOW,55.02129032519466,-2.3343644831423953,9.71,7.425,0.196,8.309999999999999
RIVER / RUNNING SURFACE WATER,2008,07,GREENLEE LOUGH FIXED,55.018592968198355,-2.3660903149689867,17.5,7.1,0.196,7.42
RIVER / RUNNING SURFACE WATER,2008,07,TILL @ HEATON MILL,55.674945826365814,-2.160534365357642,0.0,nan,1.6933333333333334,0.0
RIVER / RUNNING SURFACE WATER,2008,08,BROOMLEE LOUGH AT OVERFLOW,55.02129032519466,-2.3343644831423953,15.5,7.73,0.196,8.49
RIVER / RUNNING SURFACE WATER,2008,08,GREENLEE LOUGH FIXED,55.018592968198355,-2.3660903149689867,23.6,6.99,0.196,3.22
RIVER / RUNNING SURFACE WATER,2008,08,TILL @ HEATON MILL,55.674945826365814,-2.160534365357642,0.0,nan,1.8679999999999999,0.0
RIVER / RUNNING SURFACE WATER,2008,09,BROOMLEE LOUGH AT OVERFLOW,55.02129032519466,-2.3343644831423953,12.8,7.17,0.196,7.18
RIVER / RUNNING SURFACE WATER,2008,09,GREENLEE LOUGH FIXED,55.018592968198355,-2.3660903149689867,21.2,7.1,0.196,8.49
RIVER / RUNNING SURFACE WATER,2008,09,TILL @ HEATON MILL,55.674945826365814,-2.160534365357642,0.0,nan,1.99,0.0
RIVER / RUNNING SURFACE WATER,2008,10,BROOMLEE LOUGH AT OVERFLOW,55.02129032519466,-2.3343644831423953,13.2,7.64,0.196,10.5
RIVER / RUNNING SURFACE WATER,2008,10,GREENLEE LOUGH FIXED,55.018592968198355,-2.3660903149689867,22.4,6.93,0.196,9.99
RIVER / RUNNING SURFACE WATER,2008,10,TILL @ HEATON MILL,55.674945826365814,-2.160534365357642,0.0,nan,2.3499999999999996,0.0
RIVER / RUNNING SURFACE WATER,2008,11,BROOMLEE LOUGH AT OVERFLOW,55.02129032519466,-2.3343644831423953,11.5,7.98,0.196,11.4
RIVER / RUNNING SURFACE WATER,2008,11,GREENLEE LOUGH FIXED,55.018592968198355,-2.3660903149689867,17.3,6.91,0.196,10.9
RIVER / RUNNING SURFACE WATER,2008,11,TILL @ HEATON MILL,55.674945826365814,-2.160534365357642,0.0,nan,2.103333333333333,0.0
RIVER / RUNNING SURFACE WATER,2008,12,TILL @ HEATON MILL,55.674945826365814,-2.160534365357642,0.0,nan,2.395,0.0
RIVER / RUNNING SURFACE WATER,2009,01,BROOMLEE LOUGH AT OVERFLOW,55.02129032519466,-2.3343644831423953,9.33,7.49,0.206,12.0
RIVER / RUNNING SURFACE WATER,2009,01,GREENLEE LOUGH FIXED,55.018592968198355,-2.3660903149689867,13.0,7.16,0.286,11.0
RIVER / RUNNING SURFACE WATER,2009,01,TILL @ HEATON MILL,55.674945826365814,-2.160534365357642,0.0,nan,2.3800000000000003,0.0
RIVER / RUNNING SURFACE WATER,2009,02,BROOMLEE LOUGH AT OVERFLOW,55.02129032519466,-2.3343644831423953,7.62,7.54,0.216,12.5
RIVER / RUNNING SURFACE WATER,2009,02,GREENLEE LOUGH FIXED,55.018592968198355,-2.3660903149689867,11.2,7.31,0.246,12.0
RIVER / RUNNING SURFACE WATER,2009,02,TILL @ HEATON MILL,55.674945826365814,-2.160534365357642,0.0,nan,3.299473684210526,0.0
RIVER / RUNNING SURFACE WATER,2009,03,BROOMLEE LOUGH AT OVERFLOW,55.02129032519466,-2.3343644831423953,7.63,8.09,0.196,12.1
RIVER / RUNNING SURFACE WATER,2009,03,GREENLEE LOUGH FIXED,55.018592968198355,-2.3660903149689867,9.7,8.18,0.196,12.0
RIVER / RUNNING SURFACE WATER,2009,03,TILL @ HEATON MILL,55.674945826365814,-2.160534365357642,0.0,nan,3.08,0.0
RIVER / RUNNING SURFACE WATER,2009,04,BROOMLEE LOUGH AT OVERFLOW,55.02129032519466,-2.3343644831423953,7.54,7.95,0.196,9.25
RIVER / RUNNING SURFACE WATER,2009,04,GREENLEE LOUGH FIXED,55.018592968198355,-2.3660903149689867,9.16,7.21,0.196,9.72
RIVER / RUNNING SURFACE WATER,2009,04,TILL @ HEATON MILL,55.674945826365814,-2.160534365357642,0.0,nan,2.5780000000000003,0.0
RIVER / RUNNING SURFACE WATER,2009,05,TILL @ HEATON MILL,55.674945826365814,-2.160534365357642,0.0,nan,2.0625,0.0
RIVER / RUNNING SURFACE WATER,2009,06,BROOMLEE LOUGH AT OVERFLOW,55.02129032519466,-2.3343644831423953,8.24,8.34,0.196,8.42
RIVER / RUNNING SURFACE WATER,2009,06,GREENLEE LOUGH FIXED,55.018592968198355,-2.3660903149689867,9.52,8.29,0.196,9.5
RIVER / RUNNING SURFACE WATER,2009,06,TILL @ HEATON MILL,55.674945826365814,-2.160534365357642,0.0,nan,2.032,0.0
RIVER / RUNNING SURFACE WATER,2009,07,BROOMLEE LOUGH AT OVERFLOW,55.02129032519466,-2.3343644831423953,8.53,6.67,0.196,8.11
RIVER / RUNNING SURFACE WATER,2009,07,GREENLEE LOUGH FIXED,55.018592968198355,-2.3660903149689867,7.86,7.4,0.196,9.03
RIVER / RUNNING SURFACE WATER,2009,07,TILL @ HEATON MILL,55.674945826365814,-2.160534365357642,0.0,nan,1.74,0.0
RIVER / RUNNING SURFACE WATER,2009,08,BROOMLEE LOUGH AT OVERFLOW,55.02129032519466,-2.3343644831423953,11.105,7.765000000000001,0.196,6.545
RIVER / RUNNING SURFACE WATER,2009,08,GREENLEE LOUGH FIXED,55.018592968198355,-2.3660903149689867,19.1,7.390000000000001,0.196,6.615
RIVER / RUNNING SURFACE WATER,2009,08,TILL @ HEATON MILL,55.674945826365814,-2.160534365357642,0.0,nan,1.9300000000000002,0.0
RIVER / RUNNING SURFACE WATER,2009,09,GREENLEE LOUGH FIXED,55.018592968198355,-2.3660903149689867,17.3,6.92,0.0,0.0
RIVER / RUNNING SURFACE WATER,2009,09,TILL @ HEATON MILL,55.674945826365814,-2.160534365357642,0.0,nan,2.3249999999999997,0.0
RIVER / RUNNING SURFACE WATER,2009,10,BROOMLEE LOUGH AT OVERFLOW,55.02129032519466,-2.3343644831423953,15.2,7.41,0.196,8.49
RIVER / RUNNING SURFACE WATER,2009,10,GREENLEE LOUGH FIXED,55.018592968198355,-2.3660903149689867,14.6,7.45,0.196,7.45
RIVER / RUNNING SURFACE WATER,2009,10,TILL @ HEATON MILL,55.674945826365814,-2.160534365357642,0.0,nan,2.302,0.0
RIVER / RUNNING SURFACE WATER,2009,11,BROOMLEE LOUGH AT OVERFLOW,55.02129032519466,-2.3343644831423953,12.0,7.555,0.196,10.55
RIVER / RUNNING SURFACE WATER,2009,11,GREENLEE LOUGH FIXED,55.018592968198355,-2.3660903149689867,19.049999999999997,7.2,0.196,7.975
RIVER / RUNNING SURFACE WATER,2009,11,TILL @ HEATON MILL,55.674945826365814,-2.160534365357642,0.0,nan,2.588333333333333,0.0
RIVER / RUNNING SURFACE WATER,2009,12,BROOMLEE LOUGH AT OVERFLOW,55.02129032519466,-2.3343644831423953,11.4,7.51,0.196,12.1
RIVER / RUNNING SURFACE WATER,2009,12,GREENLEE LOUGH FIXED,55.018592968198355,-2.3660903149689867,15.7,7.47,0.196,3.64
RIVER / RUNNING SURFACE WATER,2009,12,TILL @ HEATON MILL,55.674945826365814,-2.160534365357642,0.0,nan,2.526842105263158,0.0
RIVER / RUNNING SURFACE WATER,2010,01,TILL @ HEATON MILL,55.674945826365814,-2.160534365357642,0.0,nan,2.745,0.0
RIVER / RUNNING SURFACE WATER,2010,02,BROOMLEE LOUGH AT OVERFLOW,55.02129032519466,-2.3343644831423953,9.86,6.45,0.196,6.23
RIVER / RUNNING SURFACE WATER,2010,02,GREENLEE LOUGH FIXED,55.018592968198355,-2.3660903149689867,11.4,6.48,0.356,7.23
RIVER / RUNNING SURFACE WATER,2010,02,TILL @ HEATON MILL,55.674945826365814,-2.160534365357642,0.0,nan,2.7678947368421047,0.0
RIVER / RUNNING SURFACE WATER,2010,03,BROOMLEE LOUGH AT OVERFLOW,55.02129032519466,-2.3343644831423953,6.95,7.63,0.196,11.4
RIVER / RUNNING SURFACE WATER,2010,03,GREENLEE LOUGH FIXED,55.018592968198355,-2.3660903149689867,9.54,7.31,0.196,12.7
RIVER / RUNNING SURFACE WATER,2010,03,TILL @ HEATON MILL,55.674945826365814,-2.160534365357642,0.0,nan,1.9817241379310344,0.0
RIVER / RUNNING SURFACE WATER,2010,04,BROOMLEE LOUGH AT OVERFLOW,55.02129032519466,-2.3343644831423953,7.29,8.6,0.196,9.55
RIVER / RUNNING SURFACE WATER,2010,04,GREENLEE LOUGH FIXED,55.018592968198355,-2.3660903149689867,9.6,7.3,0.196,10.2
RIVER / RUNNING SURFACE WATER,2010,04,TILL @ HEATON MILL,55.674945826365814,-2.160534365357642,0.0,nan,2.7925,0.0
RIVER / RUNNING SURFACE WATER,2010,05,BROOMLEE LOUGH AT OVERFLOW,55.02129032519466,-2.3343644831423953,7.45,8.3,0.196,9.855
RIVER / RUNNING SURFACE WATER,2010,05,GREENLEE LOUGH FIXED,55.018592968198355,-2.3660903149689867,9.04,7.99,0.196,10.899999999999999
RIVER / RUNNING SURFACE WATER,2010,05,TILL @ HEATON MILL,55.674945826365814,-2.160534365357642,0.0,nan,2.9699999999999998,0.0
RIVER / RUNNING SURFACE WATER,2010,06,BROOMLEE LOUGH AT OVERFLOW,55.02129032519466,-2.3343644831423953,8.61,8.69,0.196,7.79
RIVER / RUNNING SURFACE WATER,2010,06,GREENLEE LOUGH FIXED,55.018592968198355,-2.3660903149689867,9.53,8.21,0.196,7.32
RIVER / RUNNING SURFACE WATER,2010,06,TILL @ HEATON MILL,55.674945826365814,-2.160534365357642,0.0,nan,2.9000000000000004,0.0
RIVER / RUNNING SURFACE WATER,2010,07,BROOMLEE LOUGH AT OVERFLOW,55.02129032519466,-2.3343644831423953,8.5,7.41,0.0,0.0
RIVER / RUNNING SURFACE WATER,2010,07,GREENLEE LOUGH FIXED,55.018592968198355,-2.3660903149689867,8.38,7.52,0.0,0.0
RIVER / RUNNING SURFACE WATER,2010,07,TILL @ HEATON MILL,55.674945826365814,-2.160534365357642,0.0,nan,2.382,0.0
RIVER / RUNNING SURFACE WATER,2010,08,BROOMLEE LOUGH AT OVERFLOW,55.02129032519466,-2.3343644831423953,8.4,7.84,0.0,0.0
RIVER / RUNNING SURFACE WATER,2010,08,GREENLEE LOUGH FIXED,55.018592968198355,-2.3660903149689867,15.0,7.95,0.0,0.0
RIVER / RUNNING SURFACE WATER,2010,08,TILL @ HEATON MILL,55.674945826365814,-2.160534365357642,0.0,nan,2.114,0.0
RIVER / RUNNING SURFACE WATER,2010,09,BROOMLEE LOUGH AT OVERFLOW,55.02129032519466,-2.3343644831423953,8.2,7.43,0.0,0.0
RIVER / RUNNING SURFACE WATER,2010,09,GREENLEE LOUGH FIXED,55.018592968198355,-2.3660903149689867,0.0,nan,0.0,0.0
RIVER / RUNNING SURFACE WATER,2010,09,TILL @ HEATON MILL,55.674945826365814,-2.160534365357642,0.0,nan,1.8475000000000001,0.0
RIVER / RUNNING SURFACE WATER,2010,10,BROOMLEE LOUGH AT OVERFLOW,55.02129032519466,-2.3343644831423953,8.58,7.75,0.0,0.0
RIVER / RUNNING SURFACE WATER,2010,10,GREENLEE LOUGH FIXED,55.018592968198355,-2.3660903149689867,17.5,7.85,0.0,0.0
RIVER / RUNNING SURFACE WATER,2010,10,TILL @ HEATON MILL,55.674945826365814,-2.160534365357642,0.0,nan,1.8724999999999998,0.0
RIVER / RUNNING SURFACE WATER,2010,11,BROOMLEE LOUGH AT OVERFLOW,55.02129032519466,-2.3343644831423953,10.8,7.56,0.0,0.0
RIVER / RUNNING SURFACE WATER,2010,11,GREENLEE LOUGH FIXED,55.018592968198355,-2.3660903149689867,16.4,7.06,0.0,0.0
RIVER / RUNNING SURFACE WATER,2010,11,TILL @ HEATON MILL,55.674945826365814,-2.160534365357642,0.0,nan,2.417777777777778,0.0
RIVER / RUNNING SURFACE WATER,2010,12,BROOMLEE LOUGH AT OVERFLOW,55.02129032519466,-2.3343644831423953,0.0,nan,0.0,0.0
RIVER / RUNNING SURFACE WATER,2010,12,GREENLEE LOUGH FIXED,55.018592968198355,-2.3660903149689867,0.0,nan,0.0,0.0
RIVER / RUNNING SURFACE WATER,2010,12,TILL @ HEATON MILL,55.674945826365814,-2.160534365357642,0.0,nan,3.2520000000000002,0.0
RIVER / RUNNING SURFACE WATER,2011,01,TILL @ HEATON MILL,55.674945826365814,-2.160534365357642,0.0,nan,2.84,0.0
RIVER / RUNNING SURFACE WATER,2011,02,BROOMLEE LOUGH AT OVERFLOW,55.02129032519466,-2.3343644831423953,7.9,7.5,0.0,0.0
RIVER / RUNNING SURFACE WATER,2011,02,GREENLEE LOUGH FIXED,55.018592968198355,-2.3660903149689867,9.98,7.5,0.0,0.0
RIVER / RUNNING SURFACE WATER,2011,02,TILL @ HEATON MILL,55.674945826365814,-2.160534365357642,0.0,nan,2.1496428571428567,0.0
RIVER / RUNNING SURFACE WATER,2011,03,BROOMLEE LOUGH AT OVERFLOW,55.02129032519466,-2.3343644831423953,10.31,7.6,0.0,0.0
RIVER / RUNNING SURFACE WATER,2011,03,GREENLEE LOUGH FIXED,55.018592968198355,-2.3660903149689867,9.385000000000002,7.35,0.0,0.0
RIVER / RUNNING SURFACE WATER,2011,03,TILL @ HEATON MILL,55.674945826365814,-2.160534365357642,0.0,nan,2.6019999999999994,0.0
RIVER / RUNNING SURFACE WATER,2011,04,TILL @ HEATON MILL,55.674945826365814,-2.160534365357642,0.0,nan,2.64,0.0
RIVER / RUNNING SURFACE WATER,2011,05,BROOMLEE LOUGH AT OVERFLOW,55.02129032519466,-2.3343644831423953,7.78,8.3,0.0,0.0
RIVER / RUNNING SURFACE WATER,2011,05,GREENLEE LOUGH FIXED,55.018592968198355,-2.3660903149689867,10.1,8.5,0.0,0.0
RIVER / RUNNING SURFACE WATER,2011,05,TILL @ HEATON MILL,55.674945826365814,-2.160534365357642,0.0,nan,2.515,0.0
RIVER / RUNNING SURFACE WATER,2011,06,BROOMLEE LOUGH AT OVERFLOW,55.02129032519466,-2.3343644831423953,13.0,8.2,0.0,0.0
RIVER / RUNNING SURFACE WATER,2011,06,GREENLEE LOUGH FIXED,55.018592968198355,-2.3660903149689867,18.9,7.9,0.0,0.0
RIVER / RUNNING SURFACE WATER,2011,06,TILL @ HEATON MILL,55.674945826365814,-2.160534365357642,0.0,nan,2.3299999999999996,0.0
RIVER / RUNNING SURFACE WATER,2011,07,BROOMLEE LOUGH AT OVERFLOW,55.02129032519466,-2.3343644831423953,12.8,7.8999999999999995,0.0,0.0
RIVER / RUNNING SURFACE WATER,2011,07,GREENLEE LOUGH FIXED,55.018592968198355,-2.3660903149689867,20.1,8.0,0.0,0.0
RIVER / RUNNING SURFACE WATER,2011,07,TILL @ HEATON MILL,55.674945826365814,-2.160534365357642,0.0,nan,1.0065000000000002,0.0
RIVER / RUNNING SURFACE WATER,2011,08,BROOMLEE LOUGH AT OVERFLOW,55.02129032519466,-2.3343644831423953,15.0,7.5,0.0,0.0
RIVER / RUNNING SURFACE WATER,2011,08,GREENLEE LOUGH FIXED,55.018592968198355,-2.3660903149689867,23.1,7.3,0.0,0.0
RIVER / RUNNING SURFACE WATER,2011,08,TILL @ HEATON MILL,55.674945826365814,-2.160534365357642,0.0,nan,1.476666666666667,0.0
RIVER / RUNNING SURFACE WATER,2011,09,BROOMLEE LOUGH AT OVERFLOW,55.02129032519466,-2.3343644831423953,9.43,7.5,0.0,0.0
RIVER / RUNNING SURFACE WATER,2011,09,GREENLEE LOUGH FIXED,55.018592968198355,-2.3660903149689867,17.0,7.0,0.0,0.0
RIVER / RUNNING SURFACE WATER,2011,09,TILL @ HEATON MILL,55.674945826365814,-2.160534365357642,0.0,nan,1.5925000000000002,0.0
RIVER / RUNNING SURFACE WATER,2011,10,BROOMLEE LOUGH AT OVERFLOW,55.02129032519466,-2.3343644831423953,12.4,7.7,0.0,0.0
RIVER / RUNNING SURFACE WATER,2011,10,GREENLEE LOUGH FIXED,55.018592968198355,-2.3660903149689867,17.7,7.6,0.0,0.0
RIVER / RUNNING SURFACE WATER,2011,10,TILL @ HEATON MILL,55.674945826365814,-2.160534365357642,0.0,nan,1.92,0.0
RIVER / RUNNING SURFACE WATER,2011,11,BROOMLEE LOUGH AT OVERFLOW,55.02129032519466,-2.3343644831423953,11.5,7.7,0.0,0.0
RIVER / RUNNING SURFACE WATER,2011,11,GREENLEE LOUGH FIXED,55.018592968198355,-2.3660903149689867,10.9,7.9,0.0,0.0
RIVER / RUNNING SURFACE WATER,2011,11,TILL @ HEATON MILL,55.674945826365814,-2.160534365357642,0.0,nan,1.932,0.0
RIVER / RUNNING SURFACE WATER,2011,12,BROOMLEE LOUGH AT OVERFLOW,55.02129032519466,-2.3343644831423953,11.0,7.9,0.0,0.0
RIVER / RUNNING SURFACE WATER,2011,12,GREENLEE LOUGH FIXED,55.018592968198355,-2.3660903149689867,14.8,7.7,0.0,0.0
RIVER / RUNNING SURFACE WATER,2011,12,TILL @ HEATON MILL,55.674945826365814,-2.160534365357642,0.0,nan,2.0975,0.0
RIVER / RUNNING SURFACE WATER,2012,02,BROOMLEE LOUGH AT OVERFLOW,55.02129032519466,-2.3343644831423953,9.79,7.46,0.0,0.0
RIVER / RUNNING SURFACE WATER,2012,02,GREENLEE LOUGH FIXED,55.018592968198355,-2.3660903149689867,12.3,7.31,0.0,0.0
RIVER / RUNNING SURFACE WATER,2012,03,BROOMLEE LOUGH AT OVERFLOW,55.02129032519466,-2.3343644831423953,9.19,7.97,0.0,0.0
RIVER / RUNNING SURFACE WATER,2012,03,GREENLEE LOUGH FIXED,55.018592968198355,-2.3660903149689867,12.1,7.88,0.0,0.0
RIVER / RUNNING SURFACE WATER,2012,04,BROOMLEE LOUGH AT OVERFLOW,55.02129032519466,-2.3343644831423953,12.5,7.9,0.0,0.0
RIVER / RUNNING SURFACE WATER,2012,04,GREENLEE LOUGH FIXED,55.018592968198355,-2.3660903149689867,11.65,7.6,0.0,0.0
RIVER / RUNNING SURFACE WATER,2012,07,GREENLEE LOUGH FIXED,55.018592968198355,-2.3660903149689867,19.8,7.07,0.0,0.0
RIVER / RUNNING SURFACE WATER,2012,08,BROOMLEE LOUGH AT OVERFLOW,55.02129032519466,-2.3343644831423953,14.35,7.8,0.0,0.0
RIVER / RUNNING SURFACE WATER,2012,08,GREENLEE LOUGH FIXED,55.018592968198355,-2.3660903149689867,25.85,7.88,0.0,0.0
RIVER / RUNNING SURFACE WATER,2012,10,BROOMLEE LOUGH AT OVERFLOW,55.02129032519466,-2.3343644831423953,25.7,4.35,0.0,0.0
RIVER / RUNNING SURFACE WATER,2012,10,GREENLEE LOUGH FIXED,55.018592968198355,-2.3660903149689867,21.9,6.31,0.0,0.0
RIVER / RUNNING SURFACE WATER,2013,01,GREENLEE LOUGH FIXED,55.018592968198355,-2.3660903149689867,11.5,7.7,0.0,0.0
RIVER / RUNNING SURFACE WATER,2013,02,GREENLEE LOUGH FIXED,55.018592968198355,-2.3660903149689867,10.5,7.92,0.0,0.0
RIVER / RUNNING SURFACE WATER,2013,03,BROOMLEE LOUGH AT OVERFLOW,55.02129032519466,-2.3343644831423953,7.44,7.7,0.0,0.0
RIVER / RUNNING SURFACE WATER,2013,04,BROOMLEE LOUGH AT OVERFLOW,55.02129032519466,-2.3343644831423953,6.195,7.9,0.0,0.0
RIVER / RUNNING SURFACE WATER,2013,04,GREENLEE LOUGH FIXED,55.018592968198355,-2.3660903149689867,7.645,7.85,0.0,0.0
RIVER / RUNNING SURFACE WATER,2013,05,BROOMLEE LOUGH AT OVERFLOW,55.02129032519466,-2.3343644831423953,8.23,7.7,0.0,0.0
RIVER / RUNNING SURFACE WATER,2013,05,GREENLEE LOUGH FIXED,55.018592968198355,-2.3660903149689867,11.0,7.8,0.0,0.0
RIVER / RUNNING SURFACE WATER,2013,07,BROOMLEE LOUGH AT OVERFLOW,55.02129032519466,-2.3343644831423953,7.84,8.149999999999999,0.0,0.0
RIVER / RUNNING SURFACE WATER,2013,07,GREENLEE LOUGH FIXED,55.018592968198355,-2.3660903149689867,12.4,9.2,0.0,0.0
RIVER / RUNNING SURFACE WATER,2013,08,BROOMLEE LOUGH AT OVERFLOW,55.02129032519466,-2.3343644831423953,8.92,7.8,0.0,0.0
RIVER / RUNNING SURFACE WATER,2013,08,GREENLEE LOUGH FIXED,55.018592968198355,-2.3660903149689867,14.6,7.4,0.0,0.0
RIVER / RUNNING SURFACE WATER,2013,08,REIVERS WELL FISH HATCH SPRING WATER INT,55.306643284021376,-1.8889157444679876,0.0,nan,0.0,0.0
RIVER / RUNNING SURFACE WATER,2013,09,BROOMLEE LOUGH AT OVERFLOW,55.02129032519466,-2.3343644831423953,9.04,7.8,0.0,0.0
RIVER / RUNNING SURFACE WATER,2013,09,GREENLEE LOUGH FIXED,55.018592968198355,-2.3660903149689867,9.96,7.6,0.196,10.4
RIVER / RUNNING SURFACE WATER,2013,11,BROOMLEE LOUGH AT OVERFLOW,55.02129032519466,-2.3343644831423953,9.41,7.663333333333334,0.0,0.0
RIVER / RUNNING SURFACE WATER,2013,11,GREENLEE LOUGH FIXED,55.018592968198355,-2.3660903149689867,14.033333333333333,7.425,0.196,13.4
RIVER / RUNNING SURFACE WATER,2013,12,BROOMLEE LOUGH AT OVERFLOW,55.02129032519466,-2.3343644831423953,9.56,7.2,0.0,0.0
RIVER / RUNNING SURFACE WATER,2013,12,GREENLEE LOUGH FIXED,55.018592968198355,-2.3660903149689867,0.0,7.0,0.196,10.2
RIVER / RUNNING SURFACE WATER,2014,01,BROOMLEE LOUGH AT OVERFLOW,55.02129032519466,-2.3343644831423953,8.84,7.6,0.0,0.0
RIVER / RUNNING SURFACE WATER,2014,02,BROOMLEE LOUGH AT OVERFLOW,55.02129032519466,-2.3343644831423953,7.71,7.9,0.0,0.0
RIVER / RUNNING SURFACE WATER,2014,02,GREENLEE LOUGH FIXED,55.018592968198355,-2.3660903149689867,0.0,7.2,0.0,11.9
RIVER / RUNNING SURFACE WATER,2014,03,BROOMLEE LOUGH AT OVERFLOW,55.02129032519466,-2.3343644831423953,9.53,7.6,0.0,0.0
RIVER / RUNNING SURFACE WATER,2014,03,GREENLEE LOUGH FIXED,55.018592968198355,-2.3660903149689867,0.0,7.9,0.196,11.3
RIVER / RUNNING SURFACE WATER,2014,04,GREENLEE LOUGH FIXED,55.018592968198355,-2.3660903149689867,0.0,7.5,0.196,11.9
RIVER / RUNNING SURFACE WATER,2014,05,BROOMLEE LOUGH AT OVERFLOW,55.02129032519466,-2.3343644831423953,9.7,8.05,0.0,0.0
RIVER / RUNNING SURFACE WATER,2014,05,GREENLEE LOUGH FIXED,55.018592968198355,-2.3660903149689867,0.0,7.6,0.196,10.8
RIVER / RUNNING SURFACE WATER,2014,06,BROOMLEE LOUGH AT OVERFLOW,55.02129032519466,-2.3343644831423953,9.68,8.5,0.0,0.0
RIVER / RUNNING SURFACE WATER,2014,06,GREENLEE LOUGH FIXED,55.018592968198355,-2.3660903149689867,0.0,9.0,0.196,12.2
RIVER / RUNNING SURFACE WATER,2014,07,BROOMLEE LOUGH AT OVERFLOW,55.02129032519466,-2.3343644831423953,9.69,8.4,0.0,0.0
RIVER / RUNNING SURFACE WATER,2015,05,TILL @ HEATON MILL,55.674945826365814,-2.160534365357642,0.0,nan,1.3004615384615386,0.0
RIVER / RUNNING SURFACE WATER,2015,06,TILL @ HEATON MILL,55.674945826365814,-2.160534365357642,0.0,nan,1.686,0.0
RIVER / RUNNING SURFACE WATER,2015,07,TILL @ HEATON MILL,55.674945826365814,-2.160534365357642,0.0,nan,1.295,0.0
RIVER / RUNNING SURFACE WATER,2015,08,TILL @ HEATON MILL,55.674945826365814,-2.160534365357642,0.0,nan,1.405,0.0
RIVER / RUNNING SURFACE WATER,2015,09,TILL @ HEATON MILL,55.674945826365814,-2.160534365357642,0.0,nan,1.444,0.0
RIVER / RUNNING SURFACE WATER,2015,10,TILL @ HEATON MILL,55.674945826365814,-2.160534365357642,0.0,nan,1.605,0.0
RIVER / RUNNING SURFACE WATER,2015,11,TILL @ HEATON MILL,55.674945826365814,-2.160534365357642,0.0,nan,2.3664999999999994,0.0
RIVER / RUNNING SURFACE WATER,2015,12,TILL @ HEATON MILL,55.674945826365814,-2.160534365357642,0.0,nan,2.2327777777777773,0.0
RIVER / RUNNING SURFACE WATER,2016,01,TILL @ HEATON MILL,55.674945826365814,-2.160534365357642,0.0,nan,2.0944999999999996,0.0
RIVER / RUNNING SURFACE WATER,2016,02,TILL @ HEATON MILL,55.674945826365814,-2.160534365357642,0.0,nan,2.2984999999999998,0.0
RIVER / RUNNING SURFACE WATER,2016,03,TILL @ HEATON MILL,55.674945826365814,-2.160534365357642,0.0,nan,1.8466666666666667,0.0
RIVER / RUNNING SURFACE WATER,2016,04,TILL @ HEATON MILL,55.674945826365814,-2.160534365357642,0.0,nan,1.97,0.0
RIVER / RUNNING SURFACE WATER,2016,05,TILL @ HEATON MILL,55.674945826365814,-2.160534365357642,0.0,nan,1.6475,0.0
RIVER / RUNNING SURFACE WATER,2016,06,TILL @ HEATON MILL,55.674945826365814,-2.160534365357642,0.0,nan,1.834,0.0
RIVER / RUNNING SURFACE WATER,2016,07,TILL @ HEATON MILL,55.674945826365814,-2.160534365357642,0.0,nan,1.74,0.0
RIVER / RUNNING SURFACE WATER,2016,08,TILL @ HEATON MILL,55.674945826365814,-2.160534365357642,0.0,nan,1.4751999999999998,0.0
RIVER / RUNNING SURFACE WATER,2016,09,TILL @ HEATON MILL,55.674945826365814,-2.160534365357642,0.0,nan,1.725,0.0
RIVER / RUNNING SURFACE WATER,2016,10,TILL @ HEATON MILL,55.674945826365814,-2.160534365357642,0.0,nan,1.8675,0.0
RIVER / RUNNING SURFACE WATER,2016,11,SPRING EAST OF BLAXTER QUARRY,55.20664765860221,-2.1024359406509543,0.0,nan,0.0,0.0
RIVER / RUNNING SURFACE WATER,2016,11,TILL @ HEATON MILL,55.674945826365814,-2.160534365357642,0.0,nan,2.644,0.0
RIVER / RUNNING SURFACE WATER,2016,12,TILL @ HEATON MILL,55.674945826365814,-2.160534365357642,0.0,nan,3.0075,0.0
RIVER / RUNNING SURFACE WATER,2017,01,TILL @ HEATON MILL,55.674945826365814,-2.160534365357642,0.0,nan,2.59,0.0
RIVER / RUNNING SURFACE WATER,2017,02,TILL @ HEATON MILL,55.674945826365814,-2.160534365357642,0.0,nan,2.6374999999999997,0.0
RIVER / RUNNING SURFACE WATER,2017,03,TILL @ HEATON MILL,55.674945826365814,-2.160534365357642,0.0,nan,2.4000000000000004,0.0
RIVER / RUNNING SURFACE WATER,2017,04,TILL @ HEATON MILL,55.674945826365814,-2.160534365357642,0.0,nan,2.3425,0.0
RIVER / RUNNING SURFACE WATER,2017,05,TILL @ HEATON MILL,55.674945826365814,-2.160534365357642,0.0,nan,2.085,0.0
RIVER / RUNNING SURFACE WATER,2017,06,TILL @ HEATON MILL,55.674945826365814,-2.160534365357642,0.0,nan,1.94,0.0
RIVER / RUNNING SURFACE WATER,2017,07,TILL @ HEATON MILL,55.674945826365814,-2.160534365357642,0.0,nan,1.6475,0.0
RIVER / RUNNING SURFACE WATER,2017,08,TILL @ HEATON MILL,55.674945826365814,-2.160534365357642,0.0,nan,1.64,0.0
RIVER / RUNNING SURFACE WATER,2017,09,TILL @ HEATON MILL,55.674945826365814,-2.160534365357642,0.0,nan,1.6724999999999999,0.0
RIVER / RUNNING SURFACE WATER,2017,10,TILL @ HEATON MILL,55.674945826365814,-2.160534365357642,0.0,nan,1.7774999999999999,0.0
RIVER / RUNNING SURFACE WATER,2017,11,TILL @ HEATON MILL,55.674945826365814,-2.160534365357642,0.0,nan,2.196,0.0
RIVER / RUNNING SURFACE WATER,2017,12,TILL @ HEATON MILL,55.674945826365814,-2.160534365357642,0.0,nan,2.4766666666666666,0.0
RIVER / RUNNING SURFACE WATER,2018,01,TILL @ HEATON MILL,55.674945826365814,-2.160534365357642,0.0,nan,3.005,0.0
RIVER / RUNNING SURFACE WATER,2018,02,TILL @ HEATON MILL,55.674945826365814,-2.160534365357642,0.0,nan,2.9225,0.0
RIVER / RUNNING SURFACE WATER,2018,03,TILL @ HEATON MILL,55.674945826365814,-2.160534365357642,0.0,nan,2.6825,0.0
RIVER / RUNNING SURFACE WATER,2018,04,TILL @ HEATON MILL,55.674945826365814,-2.160534365357642,0.0,nan,2.4624999999999995,0.0
RIVER / RUNNING SURFACE WATER,2018,05,TILL @ HEATON MILL,55.674945826365814,-2.160534365357642,0.0,nan,2.605,0.0
RIVER / RUNNING SURFACE WATER,2018,06,TILL @ HEATON MILL,55.674945826365814,-2.160534365357642,0.0,nan,2.22,0.0
RIVER / RUNNING SURFACE WATER,2018,07,TILL @ HEATON MILL,55.674945826365814,-2.160534365357642,0.0,nan,1.9825,0.0
RIVER / RUNNING SURFACE WATER,2018,08,TILL @ HEATON MILL,55.674945826365814,-2.160534365357642,0.0,nan,1.842,0.0
RIVER / RUNNING SURFACE WATER,2018,09,TILL @ HEATON MILL,55.674945826365814,-2.160534365357642,0.0,nan,1.68,0.0
RIVER / RUNNING SURFACE WATER,2018,10,TILL @ HEATON MILL,55.674945826365814,-2.160534365357642,0.0,nan,1.9133333333333333,0.0
RIVER / RUNNING SURFACE WATER,2018,11,TILL @ HEATON MILL,55.674945826365814,-2.160534365357642,0.0,nan,1.9600000000000002,0.0
RIVER / RUNNING SURFACE WATER,2018,12,TILL @ HEATON MILL,55.674945826365814,-2.160534365357642,0.0,nan,3.92,0.0
RIVER / RUNNING SURFACE WATER,2019,01,TILL @ HEATON MILL,55.674945826365814,-2.160534365357642,0.0,nan,2.618,0.0
RIVER / RUNNING SURFACE WATER,2019,02,TILL @ HEATON MILL,55.674945826365814,-2.160534365357642,0.0,nan,2.465,0.0
RIVER / RUNNING SURFACE WATER,2019,03,TILL @ HEATON MILL,55.674945826365814,-2.160534365357642,0.0,nan,2.486666666666667,0.0
RIVER / RUNNING SURFACE WATER,2019,04,TILL @ HEATON MILL,55.674945826365814,-2.160534365357642,0.0,nan,2.403333333333333,0.0
RIVER / RUNNING SURFACE WATER,2019,05,TILL @ HEATON MILL,55.674945826365814,-2.160534365357642,0.0,nan,1.6633333333333333,0.0
RIVER / RUNNING SURFACE WATER,2019,06,TILL @ HEATON MILL,55.674945826365814,-2.160534365357642,0.0,nan,1.57,0.0
RIVER / RUNNING SURFACE WATER,2019,07,TILL @ HEATON MILL,55.674945826365814,-2.160534365357642,0.0,nan,1.3399999999999999,0.0
RIVER / RUNNING SURFACE WATER,2019,08,TILL @ HEATON MILL,55.674945826365814,-2.160534365357642,0.0,nan,1.6566666666666665,0.0
RIVER / RUNNING SURFACE WATER,2019,09,TILL @ HEATON MILL,55.674945826365814,-2.160534365357642,0.0,nan,1.6424999999999998,0.0
RIVER / RUNNING SURFACE WATER,2019,10,TILL @ HEATON MILL,55.674945826365814,-2.160534365357642,0.0,nan,1.745,0.0
RIVER / RUNNING SURFACE WATER,2019,11,TILL @ HEATON MILL,55.674945826365814,-2.160534365357642,0.0,nan,2.6550000000000002,0.0
RIVER / RUNNING SURFACE WATER,2019,12,TILL @ HEATON MILL,55.674945826365814,-2.160534365357642,0.0,nan,2.7566666666666664,0.0
RIVER / RUNNING SURFACE WATER,2020,01,TILL @ HEATON MILL,55.674945826365814,-2.160534365357642,0.0,nan,2.57,0.0
RIVER / RUNNING SURFACE WATER,2020,02,TILL @ HEATON MILL,55.674945826365814,-2.160534365357642,0.0,nan,2.4475,0.0
RIVER / RUNNING SURFACE WATER,2020,03,TILL @ HEATON MILL,55.674945826365814,-2.160534365357642,0.0,nan,2.53,0.0
RIVER / RUNNING SURFACE WATER,2021,02,TILL @ HEATON MILL,55.674945826365814,-2.160534365357642,0.0,nan,1.7999999999999998,0.0
RIVER / RUNNING SURFACE WATER,2021,03,TILL @ HEATON MILL,55.674945826365814,-2.160534365357642,0.0,nan,2.4725,0.0
RIVER / RUNNING SURFACE WATER,2021,04,TILL @ HEATON MILL,55.674945826365814,-2.160534365357642,0.0,nan,2.415,0.0
RIVER / RUNNING SURFACE WATER,2021,05,TILL @ HEATON MILL,55.674945826365814,-2.160534365357642,0.0,nan,1.494,0.0
RIVER / RUNNING SURFACE WATER,2021,06,TILL @ HEATON MILL,55.674945826365814,-2.160534365357642,0.0,nan,1.49,0.0
RIVER / RUNNING SURFACE WATER,2021,07,TILL @ HEATON MILL,55.674945826365814,-2.160534365357642,0.0,nan,1.6700000000000004,0.0
RIVER / RUNNING SURFACE WATER,2021,08,TILL @ HEATON MILL,55.674945826365814,-2.160534365357642,0.0,nan,1.623333333333333,0.0
RIVER / RUNNING SURFACE WATER,2021,09,TILL @ HEATON MILL,55.674945826365814,-2.160534365357642,0.0,nan,1.8719999999999999,0.0
RIVER / RUNNING SURFACE WATER,2021,10,TILL @ HEATON MILL,55.674945826365814,-2.160534365357642,0.0,nan,1.6065,0.0
RIVER / RUNNING SURFACE WATER,2021,11,TILL @ HEATON MILL,55.674945826365814,-2.160534365357642,0.0,nan,2.1725,0.0
RIVER / RUNNING SURFACE WATER,2021,12,TILL @ HEATON MILL,55.674945826365814,-2.160534365357642,0.0,nan,2.066666666666667,0.0
RIVER / RUNNING SURFACE WATER,2022,01,TILL @ HEATON MILL,55.674945826365814,-2.160534365357642,0.0,nan,2.89,0.0
RIVER / RUNNING SURFACE WATER,2022,02,TILL @ HEATON MILL,55.674945826365814,-2.160534365357642,0.0,nan,2.2266666666666666,0.0
RIVER / RUNNING SURFACE WATER,2022,03,TILL @ HEATON MILL,55.674945826365814,-2.160534365357642,0.0,nan,2.2180000000000004,0.0
RIVER / RUNNING SURFACE WATER,2022,04,TILL @ HEATON MILL,55.674945826365814,-2.160534365357642,0.0,nan,1.9175,0.0
RIVER / RUNNING SURFACE WATER,2022,05,TILL @ HEATON MILL,55.674945826365814,-2.160534365357642,0.0,nan,1.5566666666666666,0.0
RIVER / RUNNING SURFACE WATER,2022,06,TILL @ HEATON MILL,55.674945826365814,-2.160534365357642,0.0,nan,1.6566666666666665,0.0
RIVER / RUNNING SURFACE WATER,2022,07,TILL @ HEATON MILL,55.674945826365814,-2.160534365357642,0.0,nan,1.565,0.0
RIVER / RUNNING SURFACE WATER,2022,08,TILL @ HEATON MILL,55.674945826365814,-2.160534365357642,0.0,nan,1.49,0.0
